,filename,P_in,P_rec,N_cal,seed,loss,mean_hem1_ipsi,mean_hem1_contra,mean_hem2_ipsi,mean_hem2_contra,var_hem1_ipsi,var_hem1_contra,var_hem2_ipsi,var_hem2_contra,max_hem1_ipsi,max_hem1_contra,max_hem2_ipsi,max_hem2_contra,nb_hem1_ipsi_pref,nb_hem2_ipsi_pref
0,IpsiContra_In02_Rec10_Col20_s0.npz,0.2,1.0,20,0,0.0104652047157287,-0.1852278858423233,-0.2864298522472381,-0.1724913418292999,-0.1519412100315094,0.1839999556541443,0.351046472787857,0.1291461288928985,0.2373805493116378,0.3223400115966797,1.152679681777954,0.1348776519298553,0.8815785050392151,2,1
1,IpsiContra_In07_Rec07_Col40_s1.npz,0.7,0.7,40,1,0.0098357824608683,-0.1145352348685264,-0.0858813673257827,-0.2285559177398681,-0.1828225255012512,0.0623286515474319,0.3031552135944366,0.2213020026683807,0.147783026099205,0.070584513247013,1.062690496444702,0.3908577561378479,0.2188988924026489,0,3
2,IpsiContra_In02_Rec05_Col20_s1.npz,0.2,0.5,20,1,0.0118479151278734,-0.0637607350945472,-0.0756600052118301,-0.0700636059045791,-0.0811342000961303,0.1042838990688324,0.1606040000915527,0.0985479354858398,0.1584768295288086,0.1540108919143676,0.4667434394359588,0.218004822731018,0.3614775538444519,6,5
3,IpsiContra_In07_Rec10_Col10_s2.npz,0.7,1.0,10,2,0.0163173396140337,-0.0597222074866294,-0.0761319696903228,-0.0444209389388561,-0.0651257261633873,0.0711748227477073,0.2391624301671981,0.0736976638436317,0.1581876873970031,0.185272142291069,0.7344932556152344,0.1742321252822876,0.3036015331745147,2,5
4,IpsiContra_In10_Rec07_Col30_s0.npz,1.0,0.7,30,0,0.010002002120018,-0.1238823160529136,-0.0286422166973352,-0.1991399973630905,-0.0608596727252006,0.0764954909682273,0.2708708047866821,0.1262250989675521,0.3060283362865448,0.0459745228290557,0.9652036428451538,0.1496136337518692,0.8092474341392517,0,3
5,IpsiContra_In02_Rec02_Col20_s1.npz,0.2,0.2,20,1,0.010734423995018,-0.0502990111708641,-0.0278219245374202,-0.062637373805046,-0.0419546999037265,0.0622344277799129,0.1664938181638717,0.1027602553367614,0.1751983165740966,0.0805295929312706,0.430895984172821,0.1720583587884903,0.4604755938053131,3,4
6,IpsiContra_In10_Rec07_Col30_s1.npz,1.0,0.7,30,1,0.0095856701955199,-0.108518861234188,-0.2908819019794464,-0.1639155596494674,-0.1765538156032562,0.1014300435781478,0.6396631002426147,0.2443855702877044,0.1072590723633766,0.313663125038147,2.337506055831909,0.6522558927536011,0.0803859382867813,1,5
7,IpsiContra_In02_Rec02_Col20_s0.npz,0.2,0.2,20,0,0.0106516359373927,-0.0578362569212913,-0.0196007974445819,0.110416866838932,-0.004408317618072,0.1873841136693954,0.4092032313346863,0.116437055170536,0.1479327827692031,0.2464887648820877,1.0046141147613523,0.4130564928054809,0.6340821385383606,1,33
8,IpsiContra_In02_Rec05_Col20_s0.npz,0.2,0.5,20,0,0.0104697849601507,-0.0709371417760849,-0.1813439130783081,-0.0043898643925786,-0.073006585240364,0.1049465239048004,0.4113108515739441,0.1123641431331634,0.1684990972280502,0.1761848032474517,1.521390438079834,0.5051330924034119,0.6038461923599243,8,7
9,IpsiContra_In07_Rec07_Col40_s0.npz,0.7,0.7,40,0,0.0101827653124928,-0.2093491852283477,-0.0046363649889826,-0.2027966529130935,-0.1266520023345947,0.2183623313903808,0.2748162746429443,0.1382588595151901,0.2368462085723877,0.4151521027088165,1.1134833097457886,0.0735262483358383,0.8767538070678711,2,4
10,IpsiContra_In07_Rec05_Col10_s2.npz,0.7,0.5,10,2,0.0173945948481559,-0.0410909540951252,-0.074614331126213,-0.0735669061541557,-0.099339485168457,0.0518304891884326,0.3873655796051025,0.2420829832553863,0.1384465843439102,0.0674609839916229,1.0303740501403809,0.4929992854595184,0.2538699805736542,1,9
11,IpsiContra_In02_Rec10_Col20_s1.npz,0.2,1.0,20,1,0.0109051754698157,-0.1639861017465591,-0.134295254945755,-0.0765686333179473,-0.0214194729924201,0.0855143442749977,0.1629337966442108,0.115105502307415,0.259853184223175,0.0401169992983341,0.3425690233707428,0.4165350794792175,0.966283679008484,1,4
12,IpsiContra_In07_Rec02_Col10_s2.npz,0.7,0.2,10,2,0.0168701224029064,-0.040666215121746,-0.2573859393596649,-0.0209822449833154,-0.1248245984315872,0.0496781207621097,0.6617621779441833,0.216997429728508,0.223072737455368,0.1108245849609375,1.0147271156311035,0.8808532953262329,0.5584115982055664,1,6
13,IpsiContra_In07_Rec02_Col10_s0.npz,0.7,0.2,10,0,0.0115026179701089,-0.0077632190659642,-0.1853071004152298,-0.1037185192108154,-0.047658335417509,0.3679212629795074,0.573809027671814,0.1425927132368087,0.1645730435848236,1.00693941116333,1.3538851737976074,0.1866944730281829,0.4220346808433532,10,2
14,IpsiContra_In07_Rec05_Col10_s0.npz,0.7,0.5,10,0,0.0105751808732748,-0.0194889493286609,-0.1189938783645629,-0.0643777847290039,-0.0386522077023983,0.1719403266906738,0.1788102686405182,0.0857350155711174,0.2631317675113678,0.4645494222640991,0.4930503964424133,0.1911935657262802,0.7579996585845947,10,5
15,IpsiContra_In07_Rec07_Col40_s2.npz,0.7,0.7,40,2,0.0159277319908142,-0.1246568411588668,-0.2190930396318435,-0.0518774390220642,-0.1673521697521209,0.0741648450493812,0.5731704235076904,0.618437647819519,0.2467670738697052,0.101088136434555,1.840152740478516,3.0226049423217773,0.7466941475868225,0,11
16,IpsiContra_In02_Rec05_Col20_s2.npz,0.2,0.5,20,2,0.0169622469693422,-0.0611534938216209,-0.0114622022956609,0.030025690793991,-0.0490431226789951,0.0460387170314788,0.1620378792285919,0.1145263835787773,0.1498875916004181,0.0584346167743206,0.6009209156036377,0.1978822201490402,0.5341137051582336,1,20
17,IpsiContra_In07_Rec10_Col10_s1.npz,0.7,1.0,10,1,0.0120639773085713,-0.1283196657896042,-0.0842994600534439,-0.2006793916225433,-0.0279111117124557,0.1039354056119918,0.3528564274311065,0.0864275395870208,0.2408354431390762,0.2783119678497314,0.9865446090698242,-0.0086772572249174,0.799304187297821,4,0
18,IpsiContra_In02_Rec02_Col20_s2.npz,0.2,0.2,20,2,0.0169462244957685,-0.0615006685256958,-0.0611765272915363,0.0110774096101522,-0.0610476844012737,0.0644151493906974,0.2199167162179947,0.1301467716693878,0.1866023242473602,0.0432182028889656,0.6574001908302307,0.347749799489975,0.5972101092338562,4,13
19,IpsiContra_In10_Rec07_Col30_s2.npz,1.0,0.7,30,2,0.0152902463451027,-0.0736681595444679,-0.247998759150505,-0.1154470667243003,-0.1736057102680206,0.0912273377180099,0.6103581786155701,0.7012858390808105,0.2755905985832214,0.2581723928451538,2.5129127502441406,2.301988363265991,0.7308207154273987,4,11
20,IpsiContra_In07_Rec10_Col10_s0.npz,0.7,1.0,10,0,0.0097286207601428,-0.0782904475927352,-0.1497083604335785,-0.1527978032827377,-0.260307639837265,0.1336231976747512,0.2183846980333328,0.1184737086296081,0.6307092308998108,0.303744226694107,0.4966074526309967,0.2280034869909286,1.7452311515808103,8,1
21,IpsiContra_In07_Rec05_Col10_s1.npz,0.7,0.5,10,1,0.0111381104215979,-0.0988398045301437,0.009257766418159,-0.0777275413274765,0.0057389223948121,0.1096122562885284,0.2615952789783478,0.1027953252196312,0.1669328510761261,0.2100340723991394,0.5242620706558228,0.2380421757698059,0.4361891746520996,1,2
22,IpsiContra_In02_Rec10_Col20_s2.npz,0.2,1.0,20,2,0.0151806082576513,-0.098476193845272,-0.1374168545007705,0.0604361295700073,-0.0772409439086914,0.0696711242198944,0.193282276391983,0.2803401947021484,0.1086015030741691,0.1408812999725341,0.6046081185340881,0.8866370320320129,0.3785049617290497,1,18
23,IpsiContra_In07_Rec02_Col10_s1.npz,0.7,0.2,10,1,0.0102944858372211,-0.0620027408003807,-0.0841803550720214,-0.0473959669470787,-0.0461153090000152,0.13420470058918,0.2198015749454498,0.0348567850887775,0.1687863171100616,0.196781501173973,0.4315236210823059,0.0275120977312326,0.4578047692775726,9,1
24,IpsiContra_In02_Rec02_Col30_s2.npz,0.2,0.2,30,2,0.0167470946907997,-0.0457222536206245,0.0629672035574913,0.0278154574334621,-0.0351300537586212,0.0759550482034683,0.2496664822101593,0.2019226104021072,0.1634922176599502,0.0700260251760482,0.5842752456665039,0.6757265329360962,0.4688109755516052,2,14
25,IpsiContra_In05_Rec02_Col40_s2.npz,0.5,0.2,40,2,0.0165181327611207,-0.0159656293690204,-0.0256359167397022,-0.0678755864500999,0.0263877417892217,0.1170908957719802,0.208037793636322,0.0935879871249198,0.24509197473526,0.2471846044063568,0.6305274367332458,0.2458386272192001,0.6399956941604614,8,4
26,IpsiContra_In05_Rec07_Col10_s0.npz,0.5,0.7,10,0,0.0100067881867289,-0.0486954972147941,-0.1042731404304504,-0.0540902726352214,-0.0489782132208347,0.2162866741418838,0.2597873210906982,0.0585822835564613,0.313895970582962,0.5311309099197388,0.9603641033172609,0.0515661835670471,0.8532388210296631,7,5
27,IpsiContra_In02_Rec05_Col30_s2.npz,0.2,0.5,30,2,0.017634630203247,-0.0273612551391124,-0.038884449750185,0.0137464646250009,-0.0414736270904541,0.0618991293013095,0.1694418638944625,0.1087872236967086,0.1586322784423828,0.1006438061594963,0.6083752512931824,0.2075992673635482,0.5308977365493774,7,15
28,IpsiContra_In05_Rec05_Col40_s2.npz,0.5,0.5,40,2,0.0162818431854248,-0.1113497763872146,-0.1177903413772583,-0.0446705147624015,-0.0775967538356781,0.1587565839290619,0.284629762172699,0.1955868005752563,0.2111551463603973,0.4173525273799896,0.6741494536399841,0.4221676290035248,0.5303544998168945,3,10
29,IpsiContra_In05_Rec07_Col10_s1.npz,0.5,0.7,10,1,0.0116315959021449,-0.0689637809991836,-0.0558488182723522,-0.0557254068553447,0.0009840041166171,0.171703040599823,0.1447264403104782,0.0363646931946277,0.1743876039981842,0.4453104436397552,0.348204642534256,0.0748830735683441,0.534292459487915,7,1
30,IpsiContra_In10_Rec07_Col20_s2.npz,1.0,0.7,20,2,0.0144723569974303,-0.2277725040912628,-0.0974909514188766,-0.180124431848526,-0.002221941947937,0.742053747177124,0.2709220945835113,0.0929679572582244,0.5976306200027466,3.5326087474823,0.7169423699378967,-0.0309888590127229,1.3781582117080688,3,1
31,IpsiContra_In05_Rec10_Col40_s2.npz,0.5,1.0,40,2,0.0167404394596815,-0.1786893904209137,-0.1256920993328094,-0.1815344989299774,-0.0333109200000762,0.0887140780687332,0.1768318116664886,0.1117248237133026,0.1818053424358368,0.1173833161592483,0.6424639225006104,0.045384868979454,0.4739116430282593,0,0
32,IpsiContra_In02_Rec10_Col30_s2.npz,0.2,1.0,30,2,0.0139123946428298,-0.0313713178038597,-0.1001913994550705,-0.0189346857368946,-0.1388204395771026,0.0524915121495723,0.1714059710502624,0.097756490111351,0.100187100470066,0.0751710534095764,0.3342606723308563,0.303879052400589,0.2801109254360199,6,13
33,IpsiContra_In02_Rec10_Col30_s0.npz,0.2,1.0,30,0,0.0109824864193797,-0.2960957884788513,-0.4796411395072937,-0.2415905892848968,-0.1428384929895401,0.1589066982269287,0.4725968539714813,0.3952430486679077,0.2641114592552185,0.0067101381719112,0.9759697318077089,1.2359633445739746,0.920220673084259,0,6
34,IpsiContra_In05_Rec10_Col40_s0.npz,0.5,1.0,40,0,0.0102920848876237,-0.2977352440357208,-0.1852262914180755,-0.1935572922229766,-0.1818160712718963,0.2353337705135345,0.2295848429203033,0.0977022349834442,0.3041748106479645,0.3503114283084869,0.6447712779045105,0.0141775775700807,0.6986668109893799,2,2
35,IpsiContra_In02_Rec02_Col30_s1.npz,0.2,0.2,30,1,0.0102051431313157,-0.0657811239361763,-0.0611613802611827,-0.0617506690323352,-0.044576458632946,0.1168975234031677,0.19203981757164,0.1308953613042831,0.2155952304601669,0.2491448819637298,0.5439254641532898,0.1586789786815643,0.4410925805568695,4,6
36,IpsiContra_In10_Rec07_Col20_s0.npz,1.0,0.7,20,0,0.0099769439548254,-0.1701755970716476,-0.005079167895019,-0.1908629834651947,-0.1279377490282058,0.1966796666383743,0.1957358568906784,0.0857772827148437,0.233842670917511,0.3829906582832336,0.7175137400627136,0.023236833512783,0.5189111828804016,2,0
37,IpsiContra_In05_Rec02_Col40_s1.npz,0.5,0.2,40,1,0.0118049569427967,-0.0895530059933662,4.707723928731866e-05,-0.1263089478015899,-0.0417500361800193,0.1399123519659042,0.2138766497373581,0.1814420521259308,0.1769525557756424,0.1289043873548507,0.4495714902877807,0.2453494071960449,0.324918121099472,4,1
38,IpsiContra_In02_Rec05_Col30_s1.npz,0.2,0.5,30,1,0.0115259056910872,-0.0608289018273353,-0.1013901457190513,-0.081622377038002,-0.0676121264696121,0.138454258441925,0.1905776560306549,0.1517155915498733,0.1515276879072189,0.3015646040439605,0.5545696020126343,0.3820297122001648,0.3324601650238037,9,6
39,IpsiContra_In05_Rec05_Col40_s1.npz,0.5,0.5,40,1,0.0118706272915005,-0.1772283464670181,-0.1865290105342865,-0.1237187162041664,-0.1340097486972808,0.1440718024969101,0.6569532155990601,0.303936094045639,0.1906376332044601,0.141564056277275,1.814612865447998,1.073750138282776,0.5106338858604431,0,5
40,IpsiContra_In05_Rec05_Col40_s0.npz,0.5,0.5,40,0,0.0105059565976262,-0.1567618548870086,-0.0966216549277305,-0.1269944757223129,-0.0781124457716941,0.1460253149271011,0.2267060875892639,0.1022129505872726,0.2302890568971634,0.3307663202285766,0.7881994843482971,0.0996550098061561,0.733467698097229,1,2
41,IpsiContra_In02_Rec05_Col30_s0.npz,0.2,0.5,30,0,0.0107933329418301,-0.0872743651270866,-0.1252392828464508,-0.0678258389234542,-0.0775719135999679,0.0875791907310485,0.2967266738414764,0.1420254707336425,0.2467624694108963,0.1330471634864807,0.9195706844329834,0.2492881417274475,1.0031956434249878,2,6
42,IpsiContra_In05_Rec07_Col10_s2.npz,0.5,0.7,10,2,0.0166162755340337,-0.0202320329844951,-0.1567652970552444,0.0766563564538955,-0.1019450798630714,0.0774513930082321,0.2749800682067871,0.1477807611227035,0.1546113342046737,0.2055988907814026,0.629372239112854,0.3934527933597564,0.3264171779155731,5,22
43,IpsiContra_In05_Rec02_Col40_s0.npz,0.5,0.2,40,0,0.0101546198129653,-0.0333639234304428,-0.1172075867652893,-0.1121965497732162,-0.0758564472198486,0.2613855600357055,0.3386773765087127,0.1444801390171051,0.2106680423021316,0.6007452607154846,0.647294819355011,0.1746548116207122,0.4664653539657593,12,4
44,IpsiContra_In02_Rec02_Col30_s0.npz,0.2,0.2,30,0,0.010738892480731,-0.1069815307855606,0.0128529909998178,-0.0926831364631652,-0.0443483330309391,0.2307246923446655,0.4432481229305267,0.2947556674480438,0.2506169378757477,0.2610461413860321,1.1549036502838137,0.567845344543457,0.9898825287818908,0,8
45,IpsiContra_In10_Rec07_Col20_s1.npz,1.0,0.7,20,1,0.0090780593454837,-0.0617843344807624,-0.2749938666820526,-0.0581015832722187,-0.1418531239032745,0.0433768257498741,0.4338016211986542,0.1836617439985275,0.1080101877450943,0.0639746710658073,1.2708624601364136,0.7185452580451965,0.1366398632526397,4,9
46,IpsiContra_In05_Rec10_Col40_s1.npz,0.5,1.0,40,1,0.0114949056878685,-0.0782305151224136,-0.1204608306288719,-0.1659659147262573,-0.0888995751738548,0.1891350746154785,0.1935174763202667,0.0823056325316429,0.1891571134328842,0.6536480188369751,0.4497925341129303,-0.0243779420852661,0.5199474096298218,5,0
47,IpsiContra_In02_Rec10_Col30_s1.npz,0.2,1.0,30,1,0.0164091419428586,-0.1153681501746177,-0.1644420772790908,-0.08246810734272,-0.0562056079506874,0.0693837255239486,0.2144242823123932,0.1150223016738891,0.1468115448951721,0.1068353131413459,0.5679462552070618,0.264800876379013,0.4030489325523376,2,6
48,IpsiContra_In02_Rec02_Col10_s2.npz,0.2,0.2,10,2,0.0173889324069023,-0.0597103722393512,-0.0582810118794441,-0.0501857884228229,0.0261362735182046,0.0849799513816833,0.2007028311491012,0.0664979368448257,0.2062004506587982,0.1090380325913429,0.5896767973899841,0.0622420608997345,0.464305579662323,5,2
49,IpsiContra_In07_Rec10_Col20_s1.npz,0.7,1.0,20,1,0.0113050080835819,0.021719217300415,-0.1398170888423919,-0.0904463306069374,-0.0427355654537677,0.6249154210090637,0.1873374581336975,0.0526556968688964,0.1926352083683014,2.5233256816864014,0.4448019564151764,0.0681281834840774,0.4306400716304779,7,2
50,IpsiContra_In02_Rec05_Col10_s2.npz,0.2,0.5,10,2,0.0163906291127204,-0.2375768721103668,-0.1732842624187469,-0.1051440015435218,0.0140055362135171,0.5291646122932434,0.246037945151329,0.0852895006537437,0.2700534164905548,1.1902856826782229,0.4701947569847107,0.1146717816591262,0.7072212100028992,10,2
51,IpsiContra_In02_Rec07_Col40_s0.npz,0.2,0.7,40,0,0.010167890228331,-0.1457210928201675,-0.0874752253293991,-0.1633108109235763,-0.0977431088685989,0.1641717106103897,0.2822179794311523,0.1595913469791412,0.224064901471138,0.2192528694868087,1.1055957078933716,0.3977808356285095,0.6169057488441467,3,3
52,IpsiContra_In05_Rec07_Col30_s0.npz,0.5,0.7,30,0,0.0100168352946639,-0.0531897358596324,-0.1588272303342819,-0.0953371971845626,-0.1600641012191772,0.128058522939682,0.198381632566452,0.0841135755181312,0.2504237592220306,0.331754595041275,0.593490481376648,0.1401460766792297,0.7258949875831604,7,3
53,IpsiContra_In07_Rec05_Col20_s0.npz,0.7,0.5,20,0,0.0108071407303214,-0.1057360917329788,-0.1096673160791397,-0.0283061619848012,-0.1008542329072952,0.0984496101737022,0.2313405722379684,0.1227531433105468,0.1912828236818313,0.1546479612588882,0.550942599773407,0.4048904776573181,0.3654370605945587,1,8
54,IpsiContra_In07_Rec02_Col20_s0.npz,0.7,0.2,20,0,0.010511721484363,-0.0467467457056045,-0.0863835364580154,-0.0251419302076101,-0.1259949505329132,0.0699485093355178,0.2273397147655487,0.1125316098332405,0.1675987839698791,0.1282181441783905,0.7463210821151733,0.3112282156944275,0.308569848537445,2,8
55,IpsiContra_In07_Rec02_Col20_s1.npz,0.7,0.2,20,1,0.008492138236761,-0.0618850216269493,-0.0483574643731117,-0.095329962670803,-0.0461336746811866,0.1265378296375274,0.1987391263246536,0.1283876150846481,0.1266394704580307,0.1523136794567108,0.5639218688011169,0.2233594506978988,0.2585154473781585,4,2
56,IpsiContra_In02_Rec10_Col10_s2.npz,0.2,1.0,10,2,0.0163794960826635,-0.1086492985486984,0.3639429211616516,-0.4667335152626037,-0.0730619207024574,0.2048312723636627,0.6576520204544067,0.3648633062839508,0.3652437925338745,0.1845882683992386,1.541143536567688,0.3458945453166961,0.8197193741798401,2,3
57,IpsiContra_In07_Rec05_Col20_s1.npz,0.7,0.5,20,1,0.0098348623141646,-0.0967008024454116,-0.0266145057976245,-0.1483547687530517,-0.1003661975264549,0.1488856226205825,0.1807447373867035,0.2567749619483948,0.2386356145143509,0.3446150720119476,0.51613849401474,1.0781311988830566,0.6614133715629578,4,2
58,IpsiContra_In05_Rec07_Col30_s1.npz,0.5,0.7,30,1,0.0095465006306767,-0.2150516510009765,-0.1643687188625335,-0.356423020362854,-0.1316199302673339,0.366294801235199,0.5798341631889343,0.2912454009056091,0.2449948340654373,0.8383440375328064,1.7740248441696167,0.1401337832212448,0.7159421443939209,4,2
59,IpsiContra_In02_Rec07_Col40_s1.npz,0.2,0.7,40,1,0.0147304441779851,-0.2586294114589691,-0.3002391457557678,-0.0916136354207992,-0.2670704424381256,0.2038506716489792,0.1608520001173019,0.0870172157883644,0.3496665358543396,0.4059665501117706,-0.0259965080767869,0.2680779099464416,1.1654189825057983,3,1
60,IpsiContra_In07_Rec10_Col20_s0.npz,0.7,1.0,20,0,0.0099829658865928,-0.1863246709108352,-0.0593011081218719,-0.182953268289566,-0.19004487991333,0.1448314040899276,0.2232278138399124,0.0874886363744735,0.2549916803836822,0.3374936580657959,0.604283332824707,0.0046903118491172,0.7416733503341675,2,2
61,IpsiContra_In02_Rec02_Col10_s1.npz,0.2,0.2,10,1,0.0102625107392668,0.0423718094825744,-0.0771224647760391,-0.0218617059290409,-0.0649065971374511,0.142859473824501,0.1983351111412048,0.0832071527838707,0.2278139293193817,0.4112980365753174,0.472659707069397,0.1932377070188522,0.522567868232727,18,5
62,IpsiContra_In07_Rec10_Col20_s2.npz,0.7,1.0,20,2,0.0176316015422344,-0.2282112389802932,-0.0724449306726455,-0.1442140638828277,-0.1065214723348617,0.3147631585597992,0.2885048389434814,0.1057267189025878,0.3089610636234283,1.28457510471344,0.7380543351173401,0.1296285390853881,0.7981088757514954,2,2
63,IpsiContra_In02_Rec05_Col10_s1.npz,0.2,0.5,10,1,0.0157626923173666,0.0028971652500331,-0.1599733084440231,-0.0343147329986095,-0.0184732042253017,0.0786569193005561,0.1702541708946228,0.0475570112466812,0.1081670522689819,0.1645624935626983,0.3004990518093109,0.0568244457244873,0.3428143858909607,18,2
64,IpsiContra_In02_Rec10_Col10_s0.npz,0.2,1.0,10,0,0.0101105440407991,-0.1808746010065078,-0.2327980101108551,-0.1512912213802337,-0.0903311520814895,0.2550654709339142,0.3304686546325683,0.1094821393489837,0.1929881870746612,0.6080019474029541,1.1076983213424685,0.0278242602944374,0.5024507641792297,4,1
65,IpsiContra_In07_Rec02_Col20_s2.npz,0.7,0.2,20,2,0.0172751322388649,-0.0518081672489643,-0.0862145945429802,0.0311408378183841,-0.0917961448431015,0.0514912083745002,0.3143358528614044,0.2018500715494156,0.169366255402565,0.0564767234027385,0.678739070892334,0.6689126491546631,0.4272863268852234,1,16
66,IpsiContra_In02_Rec10_Col10_s1.npz,0.2,1.0,10,1,0.0115248719230294,-0.0809634402394294,-0.1447401493787765,-0.0643087029457092,-0.1367833614349365,0.1013554260134697,0.2262219935655594,0.045466873794794,0.2590201497077942,0.176168218255043,0.3341485857963562,0.0376734845340251,0.764198362827301,4,2
67,IpsiContra_In07_Rec05_Col20_s2.npz,0.7,0.5,20,2,0.0179783795028924,-0.0841317102313041,-0.2330864369869232,-0.0522785782814025,-0.0392089113593101,0.0772942006587982,0.3789508044719696,0.0787635520100593,0.2256092429161071,0.2069486826658249,1.2093662023544312,0.1819637864828109,0.5019897818565369,1,2
68,IpsiContra_In05_Rec07_Col30_s2.npz,0.5,0.7,30,2,0.0152224861085414,-0.0885657519102096,-0.1323653161525726,-0.1898229420185089,-0.1558331251144409,0.0822393074631691,0.3953332304954529,0.2389005571603775,0.2212662100791931,0.1127777844667434,1.459648609161377,0.4388526976108551,0.3840387165546417,6,3
69,IpsiContra_In02_Rec07_Col40_s2.npz,0.2,0.7,40,2,0.0159779619425535,-0.1180393323302269,-0.0855677276849746,-0.0693309158086776,-0.1337093561887741,0.1051802113652229,0.1295454502105713,0.1078541949391365,0.2705832421779632,0.1816214025020599,0.4072005748748779,0.2761348783969879,0.4024065434932709,6,4
70,IpsiContra_In02_Rec05_Col10_s0.npz,0.2,0.5,10,0,0.0103774704039096,-0.0386095121502876,-0.0930105000734329,-0.1210485249757766,-0.0703494548797607,0.1946537345647812,0.2801380455493927,0.1869905889034271,0.1653383374214172,0.47833251953125,1.0812610387802124,0.4870025813579559,0.5106475949287415,8,5
71,IpsiContra_In02_Rec02_Col10_s0.npz,0.2,0.2,10,0,0.0121643971651792,-0.1937716007232666,-0.0798936635255813,-0.0368587858974933,0.0038629143964499,0.4790802896022796,0.5856534838676453,0.0945201590657234,0.3366948366165161,0.4075294733047485,1.3875114917755127,0.2049480527639389,1.941126108169556,0,7
72,IpsiContra_In10_Rec02_Col40_s2.npz,1.0,0.2,40,2,0.0170187912881374,0.0497493147850036,-0.1164120882749557,-0.1060395017266273,-0.097690537571907,0.2178432792425155,0.2128953784704208,0.0880591869354248,0.4475358128547668,0.8450379371643066,0.5407408475875854,0.028343416750431,0.7954393029212952,18,1
73,IpsiContra_In10_Rec07_Col10_s0.npz,1.0,0.7,10,0,0.0101279392838478,-0.036989789456129,-0.0428763851523399,-0.1122676879167556,-0.0211987979710102,0.0918778032064437,0.1499615609645843,0.0705544054508209,0.2216301262378692,0.1903808414936065,0.5675914883613586,0.0597855746746063,0.7414558529853821,6,2
74,IpsiContra_In10_Rec05_Col40_s2.npz,1.0,0.5,40,2,0.0154839036986231,-0.2607726454734802,-0.2137585878372192,-0.2824738621711731,-0.1678155958652496,0.5602286458015442,0.4005612432956695,0.3499740660190582,0.6529780626296997,2.004188299179077,1.1114895343780518,0.4953237771987915,1.185962200164795,6,1
75,IpsiContra_In07_Rec10_Col30_s2.npz,0.7,1.0,30,2,0.016399135813117,-0.1191021203994751,-0.0604496225714683,-0.2877052128314972,-0.1271344721317291,0.0939095839858055,0.2882640361785888,0.2070276290178299,0.2132150083780288,0.1277141124010086,0.8023349642753601,0.6147337555885315,0.4734500646591186,2,1
76,IpsiContra_In10_Rec10_Col40_s2.npz,1.0,1.0,40,2,0.0167280472815036,-0.0949711799621582,-0.2083065509796142,-0.005403643939644,-0.2572218775749206,0.1521737724542617,0.43941131234169,0.3816445767879486,0.2659643590450287,0.5915769338607788,1.2196022272109983,1.2821128368377686,0.608712375164032,3,11
77,IpsiContra_In07_Rec05_Col30_s2.npz,0.7,0.5,30,2,0.0148507393896579,-0.1219392269849777,-0.2305538207292556,-0.081590935587883,-0.1643874049186706,0.5444379448890686,0.2890989184379577,0.0799966976046562,0.3974919319152832,2.1045267581939697,0.5847225189208984,0.2132080346345901,1.396080493927002,7,4
78,IpsiContra_In07_Rec02_Col30_s2.npz,0.7,0.2,30,2,0.0156177757307887,-0.0174758341163396,0.011451194062829,-0.0915808528661727,0.045782521367073,0.1204040050506591,0.2242352217435836,0.1011471077799797,0.2717027068138122,0.3548004031181335,0.7143898606300354,0.1254562586545944,0.8321231603622437,8,2
79,IpsiContra_In10_Rec07_Col10_s1.npz,1.0,0.7,10,1,0.0120926816016435,-0.0281474944204092,-0.0172413885593414,-0.0806027427315712,-0.0410966537892818,0.0635145306587219,0.3038489520549774,0.1124563664197921,0.2024330198764801,0.1333646029233932,0.6939513087272644,0.3883552849292755,0.433835506439209,9,3
80,IpsiContra_In05_Rec07_Col20_s2.npz,0.5,0.7,20,2,0.0168470479547977,-0.0959846600890159,-0.2067557871341705,-0.0221522655338048,-0.1291347444057464,0.0817663148045539,0.3760835528373718,0.1254612505435943,0.1583434641361236,0.135297030210495,1.0896923542022705,0.3047887980937958,0.3331065773963928,1,10
81,IpsiContra_In05_Rec07_Col20_s0.npz,0.5,0.7,20,0,0.0101128499954938,-0.148245096206665,-0.1356383562088012,-0.1262578964233398,-0.1782533675432205,0.1857059746980667,0.2230270653963089,0.0968419387936592,0.221495434641838,0.4034150242805481,0.6792405843734741,0.0760989412665367,0.4703551530838012,4,2
82,IpsiContra_In10_Rec02_Col40_s1.npz,1.0,0.2,40,1,0.0110897049307823,-0.0389577858150005,0.0014501363039016,-0.0694793537259101,-0.027607699856162,0.1147987842559814,0.231388047337532,0.1600884646177292,0.2562052607536316,0.2516739666461944,0.6057329773902893,0.2507060170173645,0.8037425875663757,6,5
83,IpsiContra_In07_Rec10_Col30_s1.npz,0.7,1.0,30,1,0.0127557534724473,-0.0692398771643638,-0.0972742661833763,-0.2218904942274093,-0.0816256776452064,0.3883874118328094,0.4003278315067291,0.139555349946022,0.2026114612817764,1.3576213121414185,1.1053611040115356,0.1011295169591903,0.4237957596778869,6,1
84,IpsiContra_In10_Rec05_Col40_s1.npz,1.0,0.5,40,1,0.0097820302471518,-0.1514072716236114,-0.0191342160105705,-0.2193072289228439,0.0252036042511463,0.1122442781925201,0.4541128575801849,0.2323839664459228,0.2916587889194488,0.1587852388620376,1.574859380722046,0.1236372590065002,0.7698526978492737,1,1
85,IpsiContra_In07_Rec02_Col30_s0.npz,0.7,0.2,30,0,0.0114143947139382,-0.0548944473266601,-0.0557865425944328,-0.0496622547507286,-0.0985065102577209,0.0880985036492347,0.2275304198265075,0.1274812221527099,0.2376367300748825,0.1202448084950447,0.6069971323013306,0.2456595748662948,0.5729401707649231,7,7
86,IpsiContra_In10_Rec10_Col40_s0.npz,1.0,1.0,40,0,0.0129302078858017,-0.181389644742012,-0.183671087026596,-0.1232512220740318,-0.131890133023262,0.1317544281482696,0.1482262015342712,0.066583015024662,0.229852944612503,0.4914813339710235,0.3119581639766693,0.1072285249829292,0.6902876496315002,1,2
87,IpsiContra_In07_Rec05_Col30_s0.npz,0.7,0.5,30,0,0.0102500533685088,-0.1206629499793052,-0.2258359491825103,-0.0838215574622154,-0.146539956331253,0.1655429005622863,0.3109534382820129,0.1693607717752456,0.3085511326789856,0.2304748296737671,0.5386862754821777,0.5142220258712769,0.5849528312683105,5,4
88,IpsiContra_In07_Rec05_Col30_s1.npz,0.7,0.5,30,1,0.0107870455831289,-0.069740280508995,-0.0887576192617416,-0.2509223520755768,-0.0926433801651001,0.1108652651309967,0.2117455303668975,0.3849189877510071,0.1299001425504684,0.293479323387146,0.440022200345993,1.3251347541809082,0.2365171611309051,5,3
89,IpsiContra_In10_Rec10_Col40_s1.npz,1.0,1.0,40,1,0.0156434420496225,-0.1653807610273361,-0.1801235675811767,-0.1176209226250648,-0.1888061016798019,0.1508941501379013,0.1780418157577514,0.0901330932974815,0.2085114121437072,0.2626968324184418,0.3638814389705658,0.1891992092132568,0.7406112551689148,4,5
90,IpsiContra_In07_Rec02_Col30_s1.npz,0.7,0.2,30,1,0.0097434250637888,-0.0415503568947315,-0.013151335529983,-0.1366550475358963,-0.1192488223314285,0.1541463285684585,0.3142502009868622,0.2119577378034591,0.2672529816627502,0.5918630957603455,0.7723125219345093,0.2674666047096252,0.835746169090271,5,5
91,IpsiContra_In10_Rec05_Col40_s0.npz,1.0,0.5,40,0,0.0096781915053725,-0.239741638302803,-0.1706996858119964,-0.0333398319780826,-0.0787319988012313,0.1996801942586898,0.2464537620544433,0.1005763933062553,0.2614643573760986,0.1772743463516235,0.4225662648677826,0.2933554649353027,0.7728471159934998,1,5
92,IpsiContra_In07_Rec10_Col30_s0.npz,0.7,1.0,30,0,0.0101936692371964,-0.1572984457015991,-0.0454191714525222,-0.2408724725246429,-0.2189244925975799,0.1505177021026611,0.2396696805953979,0.1890815943479538,0.2618779242038727,0.3936962485313415,0.4992349743843078,0.6167461276054382,0.853681743144989,1,2
93,IpsiContra_In10_Rec07_Col10_s2.npz,1.0,0.7,10,2,0.0164677072316408,-0.1483575850725174,-0.2427732497453689,-0.0538875684142112,-0.1237677335739135,0.195404827594757,0.474451333284378,0.1179458349943161,0.2793814539909363,0.545591413974762,1.4185975790023804,0.3003455698490143,0.7954144477844238,0,8
94,IpsiContra_In10_Rec02_Col40_s0.npz,1.0,0.2,40,0,0.0103655103594064,-0.1063633412122726,-0.0453985556960105,-0.0273164100944995,-0.0157688558101654,0.2242555916309356,0.2160746902227401,0.078237235546112,0.2258434891700744,0.4124908447265625,0.4278356432914734,0.2332911789417266,0.4864955544471741,3,7
95,IpsiContra_In05_Rec07_Col20_s1.npz,0.5,0.7,20,1,0.0118885543197393,-0.202998086810112,-0.3066976070404053,-0.0178138855844736,-0.0455640964210033,0.2453511208295822,0.9609763622283936,0.3555089831352234,0.1721868216991424,0.5722370743751526,2.9137392044067383,0.9594154357910156,0.5282529592514038,1,15
96,IpsiContra_In10_Rec10_Col10_s1.npz,1.0,1.0,10,1,0.0128726782277226,-0.0886912792921066,-0.106332316994667,-0.0594492256641387,-0.0413778349757194,0.0915736183524131,0.1357865333557129,0.0413624979555606,0.1268966346979141,0.200746014714241,0.3311671614646911,0.0258657932281494,0.4021241664886474,4,0
97,IpsiContra_In05_Rec10_Col20_s2.npz,0.5,1.0,20,2,0.0157106537371873,-0.0929560363292694,-0.11192487180233,-0.198465496301651,-0.1337548494338989,0.0485958568751812,0.238244354724884,0.1104756519198417,0.1582864373922348,0.0435095727443695,0.857102632522583,-0.0768472850322723,0.4098847210407257,2,0
98,IpsiContra_In10_Rec07_Col40_s2.npz,1.0,0.7,40,2,0.0157767925411462,-0.1766789257526397,-0.4675133824348449,-0.0546397678554058,-0.2225970923900604,0.0991001725196838,0.7516806125640869,0.5074417591094971,0.2937659621238708,0.0439548678696155,2.000864267349243,1.8642996549606323,0.8909791707992554,1,12
99,IpsiContra_In10_Rec05_Col10_s0.npz,1.0,0.5,10,0,0.0107617331668734,-0.0352304875850677,-0.104273222386837,-0.0921278968453407,-0.0785788297653198,0.1670274436473846,0.176898792386055,0.0810694769024849,0.3094882667064667,0.4001093208789825,0.4842317700386047,0.0793890506029129,0.9568143486976624,11,1
100,IpsiContra_In10_Rec02_Col10_s0.npz,1.0,0.2,10,0,0.0115099949762225,0.0187108721584081,-0.043503139168024,-0.0426752753555774,-0.0621793083846569,0.2162200510501861,0.2092643827199936,0.1140843108296394,0.3991146981716156,0.7499179840087891,0.7950983643531799,0.246524691581726,0.8095429539680481,12,7
101,IpsiContra_In10_Rec02_Col10_s1.npz,1.0,0.2,10,1,0.0093424571678042,-0.0343251302838325,-0.0571658238768577,-0.0341625399887561,0.0481215640902519,0.1023119091987609,0.1517849266529083,0.0580207929015159,0.1520412117242813,0.1624661087989807,0.3259772658348083,0.0987560376524925,0.5955715775489807,6,3
102,IpsiContra_In05_Rec05_Col20_s2.npz,0.5,0.5,20,2,0.0152709335088729,0.0359821319580078,-0.1607396900653839,-0.0449535921216011,0.0965475887060165,0.2211084365844726,0.2930946946144104,0.0732528939843177,0.2587633430957794,0.9645224809646606,0.9646166563034058,0.1358274519443512,0.6998946070671082,10,1
103,IpsiContra_In10_Rec05_Col10_s1.npz,1.0,0.5,10,1,0.010772087611258,-0.0539800636470317,0.0457829907536506,-0.0381711572408676,0.0120351780205965,0.0680461972951889,0.1935472786426544,0.1347960382699966,0.1391407996416092,0.1577285081148147,0.4024235010147095,0.5672003030776978,0.3542013168334961,2,5
104,IpsiContra_In05_Rec02_Col20_s2.npz,0.5,0.2,20,2,0.019166687503457,-0.0953693091869354,-0.0504899136722087,-0.0830942243337631,0.0073970900848507,0.2077523320913314,0.1924096345901489,0.0662192031741142,0.2310745269060135,0.3456532657146454,0.4957667589187622,0.0901152044534683,0.5658937692642212,11,4
105,IpsiContra_In10_Rec10_Col10_s0.npz,1.0,1.0,10,0,0.0103864064440131,-0.0977243334054946,-0.0168157014995813,-0.322627305984497,-0.1909780204296112,0.1069607660174369,0.2175762951374054,0.2592052817344665,0.8738439679145813,0.1698809117078781,0.6928982734680176,0.4250155687332153,2.336672782897949,3,1
106,IpsiContra_In07_Rec07_Col30_s2.npz,0.7,0.7,30,2,0.0171860083937644,-0.0986633747816085,-0.2182493656873703,-0.0900749266147613,-0.0894468426704406,0.0373040027916431,0.4062851667404175,0.339284211397171,0.1382226347923278,-0.0113995783030986,1.5970067977905271,1.03559148311615,0.2667359411716461,0,11
107,IpsiContra_In07_Rec07_Col30_s0.npz,0.7,0.7,30,0,0.010004841722548,-0.1513977944850921,-0.0565923675894737,-0.1455001682043075,-0.1249655857682228,0.1405072510242462,0.1925548911094665,0.0733489468693733,0.1660368591547012,0.2402561604976654,0.6098989844322205,0.0083168847486376,0.4474760293960571,1,2
108,IpsiContra_In10_Rec10_Col10_s2.npz,1.0,1.0,10,2,0.0150474915280938,-0.0646441578865051,0.0060496879741549,-0.0371013656258583,-0.0852977037429809,0.0427516996860504,0.2953405678272247,0.2267387807369232,0.1694049090147018,0.1068486422300338,0.938031017780304,0.5443553924560547,0.3362989127635956,1,10
109,IpsiContra_In05_Rec10_Col20_s1.npz,0.5,1.0,20,1,0.0115153659135103,-0.1380856484174728,-0.1306741088628769,-0.1118503585457801,-0.0291670598089694,0.100830391049385,0.2396797835826873,0.0553353428840637,0.1595926582813263,0.0747515335679054,0.5235401391983032,-0.0014715696452185,0.4694057703018188,1,0
110,IpsiContra_In05_Rec02_Col20_s0.npz,0.5,0.2,20,0,0.0120158130303025,-0.0426445379853248,-0.0640294700860977,-0.0572766438126564,-0.0630197077989578,0.1321664303541183,0.4025596082210541,0.1301127821207046,0.3291361927986145,0.3667427897453308,1.154199242591858,0.2965814471244812,0.8169140815734863,6,6
111,IpsiContra_In10_Rec07_Col40_s1.npz,1.0,0.7,40,1,0.0118522811681032,-0.1222584024071693,-0.0702387541532516,-0.1268105506896972,-0.0563292391598224,0.0788864493370056,0.2042361944913864,0.0653968900442123,0.1968893408775329,0.124811366200447,0.4002314805984497,0.0948190912604332,0.4585766792297363,1,0
112,IpsiContra_In05_Rec05_Col20_s0.npz,0.5,0.5,20,0,0.010661850683391,-0.1638892740011215,-0.0628443211317062,-0.0401005446910858,-0.0680828988552093,0.1963957697153091,0.5859761834144592,0.1526893675327301,0.2681963443756103,0.4649782180786133,1.810718417167664,0.3819940686225891,0.8423941135406494,2,5
113,IpsiContra_In10_Rec02_Col10_s2.npz,1.0,0.2,10,2,0.016317555680871,-0.0393624566495418,-0.0407302007079124,0.0299575272947549,-0.1124098747968673,0.0409351475536823,0.3015764057636261,0.1943842321634292,0.3161812424659729,0.0696988627314567,0.6436658501625061,0.6211850047111511,0.8492299914360046,3,12
114,IpsiContra_In05_Rec05_Col20_s1.npz,0.5,0.5,20,1,0.0088721988722682,-0.1051221042871475,-0.0077348770573735,-0.106439471244812,-0.0105853471904993,0.1068794652819633,0.3277595937252044,0.0870774984359741,0.1568554192781448,0.1411216706037521,1.260613203048706,0.0635648295283317,0.3811257183551788,5,4
115,IpsiContra_In10_Rec05_Col10_s2.npz,1.0,0.5,10,2,0.017746215686202,-0.0580149069428443,0.0266459044069051,-0.0666964650154113,-0.2396714687347412,0.1592250764369964,0.642521858215332,0.2895258963108063,0.4225398898124695,0.4515837132930755,2.124921560287476,0.7903414368629456,0.9104293584823608,0,8
116,IpsiContra_In10_Rec07_Col40_s0.npz,1.0,0.7,40,0,0.0102975144982337,-0.2263549864292144,0.0173859260976314,-0.2605742514133453,-0.1084295138716697,0.2387015521526336,0.3041123747825622,0.148641288280487,0.2861585915088653,0.6250942945480347,1.4000457525253296,0.2756027579307556,0.7039761543273926,1,1
117,IpsiContra_In05_Rec02_Col20_s1.npz,0.5,0.2,20,1,0.0110962642356753,-0.0852124094963073,-0.0052313641645014,-0.1237897500395774,-0.0550871491432189,0.1144660040736198,0.2462932020425796,0.2004106342792511,0.23580102622509,0.1313227117061615,0.7953152060508728,0.3071352541446686,0.6050415635108948,5,2
118,IpsiContra_In05_Rec10_Col20_s0.npz,0.5,1.0,20,0,0.0103821875527501,-0.2158879935741424,-0.1703055799007415,-0.1069660037755966,-0.1619865000247955,0.1955408006906509,0.2069001644849777,0.1057952120900154,0.2021422237157821,0.4390105009078979,0.6314950585365295,0.3112871646881103,0.5056837201118469,2,4
119,IpsiContra_In07_Rec07_Col30_s1.npz,0.7,0.7,30,1,0.0090858358889818,-0.4025429785251617,-0.2525353133678436,-0.141257107257843,-0.1347575038671493,0.7804624438285828,0.3570857346057892,0.0798098668456077,0.2580078244209289,2.249455451965332,0.7172231674194336,0.0253035891801118,0.5103573203086853,6,1
120,IpsiContra_In02_Rec10_Col40_s1.npz,0.2,1.0,40,1,0.0157709904015064,-0.0547618456184864,-0.1596234291791916,0.0020735375583171,-0.1331804543733596,0.0342555679380893,0.1434276700019836,0.1046307310461998,0.1309460401535034,0.0195046700537204,0.1261606514453888,0.2583988308906555,0.1973065137863159,3,12
121,IpsiContra_In05_Rec10_Col30_s1.npz,0.5,1.0,30,1,0.0209511201828718,-0.1731108129024505,-0.1760459393262863,-0.1818678677082061,-0.0315617322921752,0.2641534805297851,0.232655331492424,0.0775315314531326,0.1765515655279159,0.8791379332542419,0.5528099536895752,-0.0560790859162807,0.496290922164917,4,0
122,IpsiContra_In07_Rec07_Col20_s0.npz,0.7,0.7,20,0,0.0099853975698351,-0.2312025129795074,-0.1406383961439132,-0.1323053836822509,-0.3224863111972809,0.2860979735851288,0.2375862300395965,0.0956354215741157,0.4692175984382629,0.5868253707885742,0.562486469745636,0.0797389596700668,1.2851614952087402,2,4
123,IpsiContra_In02_Rec05_Col40_s0.npz,0.2,0.5,40,0,0.0110063562169671,-0.18416528403759,-0.1379603892564773,-0.134019985795021,0.0242463462054729,0.2579816281795501,0.3408936858177185,0.2048313617706298,0.2763006389141083,0.310033231973648,0.943457841873169,0.6338505148887634,0.8543786406517029,4,2
124,IpsiContra_In05_Rec05_Col30_s0.npz,0.5,0.5,30,0,0.0099779665470123,-0.1211935505270958,-0.0718771293759346,-0.0700012519955635,-0.1231269687414169,0.1208619251847267,0.3643364608287811,0.237787976861,0.3190670609474182,0.178633451461792,1.165287971496582,0.8500455617904663,0.7707281708717346,5,7
125,IpsiContra_In02_Rec07_Col10_s2.npz,0.2,0.7,10,2,0.0169041380286216,-0.0880962833762168,-0.0769256278872489,-0.0925056636333465,0.1137841939926147,0.1094058007001876,0.1666252464056015,0.0796075910329818,0.2635790109634399,0.1089463457465171,0.5459081530570984,0.0386826582252979,0.7917776703834534,8,0
126,IpsiContra_In02_Rec02_Col40_s0.npz,0.2,0.2,40,0,0.0120821073651313,-0.0535836108028888,-0.0392458327114582,-0.0871685147285461,-0.0635936111211776,0.1172174364328384,0.3909514546394348,0.1858610063791275,0.1545566916465759,0.2638415694236755,1.2294083833694458,0.4048627018928528,0.5369365215301514,2,8
127,IpsiContra_In05_Rec02_Col30_s0.npz,0.5,0.2,30,0,0.0110238650813698,-0.0834458842873573,-0.0087168719619512,-0.266311764717102,-0.1157489418983459,0.1398604065179824,0.4224812090396881,0.3464413285255432,0.2396049797534942,0.3708084225654602,1.081795573234558,0.2816069722175598,0.4231829345226288,1,3
128,IpsiContra_In05_Rec02_Col30_s1.npz,0.5,0.2,30,1,0.0104431565850973,-0.0679916515946388,-0.0179724991321563,-0.0524887070059776,-0.071687027812004,0.1179238930344581,0.1935131400823593,0.0716209039092063,0.1696664541959762,0.1360427737236023,0.4349225759506225,0.074658878147602,0.3475498259067535,7,6
129,IpsiContra_In02_Rec02_Col40_s1.npz,0.2,0.2,40,1,0.0087050925940275,-0.023168783634901,-0.0771212875843048,-0.0850401669740676,-0.0801949203014373,0.1033410429954528,0.1943827271461486,0.1348258107900619,0.2470500320196151,0.240135982632637,0.5390336513519287,0.2565349638462066,0.5949214696884155,10,3
130,IpsiContra_In05_Rec05_Col30_s1.npz,0.5,0.5,30,1,0.0098194321617484,-0.1145983934402465,-0.0230461470782756,-0.1753615140914917,-0.0385479144752025,0.1358270496129989,0.3193453848361969,0.2429349869489669,0.2000675946474075,0.1789941191673278,0.8253732323646545,0.6025893092155457,0.7984080910682678,1,5
131,IpsiContra_In02_Rec05_Col40_s1.npz,0.2,0.5,40,1,0.0117876147851347,-0.1600846946239471,-0.1335688978433609,-0.1414017230272293,-0.0589508339762687,0.104512944817543,0.2639845013618469,0.1599316298961639,0.267917275428772,0.1221095249056816,0.9993076324462892,0.2389833182096481,0.929799497127533,0,4
132,IpsiContra_In07_Rec07_Col20_s1.npz,0.7,0.7,20,1,0.0088354581966996,-0.1048807352781295,-0.0868993997573852,-0.1340293735265731,-0.0885621085762977,0.2871588170528412,0.2644414603710174,0.0816994458436966,0.1774146407842636,1.1369365453720093,0.5242115259170532,0.0702518075704574,0.5519664287567139,7,1
133,IpsiContra_In05_Rec10_Col30_s0.npz,0.5,1.0,30,0,0.0097951963543891,-0.1566586047410965,-0.1060575246810913,-0.1205839663743972,-0.1209936887025833,0.1094334423542022,0.1885077655315399,0.0675243213772773,0.2021346688270568,0.1945318579673767,0.515783965587616,0.0588665381073951,0.7475301623344421,3,2
134,IpsiContra_In02_Rec10_Col40_s0.npz,0.2,1.0,40,0,0.0110741248354315,-0.247967928647995,-0.1823025047779083,-0.2824168801307678,-0.1604455411434173,0.1299283802509308,0.3829169273376465,0.3057342767715454,0.2159183025360107,0.0787092149257659,1.1841564178466797,0.7324169874191284,0.7939013838768005,0,4
135,IpsiContra_In02_Rec10_Col40_s2.npz,0.2,1.0,40,2,0.0157187357544899,-0.1072563678026199,-0.1590363532304763,-0.0020766139496117,-0.1223482862114906,0.0501456223428249,0.1890745162963867,0.15754234790802,0.1489472985267639,0.0325412228703498,0.8081754446029663,0.3510368764400482,0.4032393097877502,2,15
136,IpsiContra_In05_Rec10_Col30_s2.npz,0.5,1.0,30,2,0.0172895696014165,-0.0943711325526237,-0.0830456465482711,-0.1926505267620086,-0.1147876530885696,0.0582953207194805,0.2244757562875747,0.1014399677515029,0.157300978899002,0.0004309809301048,0.885057270526886,-0.003889514831826,0.4076641499996185,3,0
137,IpsiContra_In02_Rec07_Col10_s1.npz,0.2,0.7,10,1,0.0088589647784829,-0.0154362563043832,-0.1958619058132171,0.0107691958546638,-0.0797242298722267,0.0902455002069473,0.1848607510328292,0.0819830149412155,0.1787412315607071,0.161369040608406,0.3064849972724914,0.2141015231609344,0.5004097819328308,14,11
138,IpsiContra_In05_Rec02_Col30_s2.npz,0.5,0.2,30,2,0.0176357794553041,-0.0451018698513507,-0.0118846474215388,-0.0812756791710853,0.0064364671707153,0.1056899279356002,0.1861637830734253,0.0903562530875206,0.2307468652725219,0.1755817234516143,0.4776998460292816,0.0922155231237411,0.5112035870552063,9,2
139,IpsiContra_In02_Rec02_Col40_s2.npz,0.2,0.2,40,2,0.0167586375027894,-0.0325251705944538,0.0983423218131065,0.0740187913179397,-0.0192738529294729,0.1077004447579383,0.2405732274055481,0.2085057199001312,0.1570557206869125,0.2480087131261825,0.5202820897102356,0.6310074329376221,0.4552401304244995,2,22
140,IpsiContra_In02_Rec07_Col10_s0.npz,0.2,0.7,10,0,0.0100998599082231,-0.0838596373796463,-0.1303049772977829,-0.1643717736005783,-0.1066952496767044,0.1583058387041092,0.2918089628219604,0.1513478755950927,0.2176965624094009,0.2981290519237518,1.1905865669250488,0.2009016871452331,0.7988336086273193,7,4
141,IpsiContra_In05_Rec05_Col30_s2.npz,0.5,0.5,30,2,0.01635124348104,-0.2270499169826507,-0.1621536761522293,-0.0997253209352493,0.0993370562791824,0.4387819766998291,0.3078798055648803,0.1028961390256881,0.2466026842594146,1.247822880744934,0.6876925826072693,0.1457988321781158,0.8114240169525146,8,0
142,IpsiContra_In02_Rec05_Col40_s2.npz,0.2,0.5,40,2,0.0168843306601047,-0.0271841287612915,-0.0002431042521493,-0.0625614076852798,0.0072746812365949,0.1171027198433876,0.1571263074874878,0.1119271069765091,0.1753857880830764,0.3548013865947723,0.7014641761779785,0.1682756245136261,0.5220615863800049,7,3
143,IpsiContra_In07_Rec07_Col20_s2.npz,0.7,0.7,20,2,0.0168467499315738,-0.0590366497635841,-0.1293489336967468,-0.089717224240303,-0.0750939846038818,0.076409138739109,0.3289278149604797,0.158453956246376,0.1748469471931457,0.2819182276725769,1.2236547470092771,0.3102602660655975,0.3305590152740478,1,11
144,IpsiContra_In02_Rec07_Col30_s2.npz,0.2,0.7,30,2,0.0385029502213001,-0.0562489330768585,-0.1020909696817398,-0.0651462525129318,-0.0382584817707538,0.2588979005813598,0.1345592141151428,0.0692406818270683,0.1637240350246429,1.060943603515625,0.4163236021995544,0.0654532983899116,0.4389270842075348,9,2
145,IpsiContra_In05_Rec07_Col40_s2.npz,0.5,0.7,40,2,0.0156275313347578,-0.1497654765844345,-0.3164375424385071,-0.1299993991851806,-0.1988176107406616,0.156781792640686,0.7069973945617676,0.7511245608329773,0.2453204095363617,0.4802868664264679,2.402951240539551,3.372403860092163,0.832831859588623,0,9
146,IpsiContra_In05_Rec05_Col10_s0.npz,0.5,0.5,10,0,0.0103528657928109,-0.046972382813692,-0.1284591108560562,-0.0954293683171272,-0.0371572710573673,0.1441567838191986,0.2308289855718612,0.1326100081205368,0.2184347063302993,0.3500221967697143,0.6031169891357422,0.3083866238594055,0.5653282403945923,10,3
147,IpsiContra_In05_Rec02_Col10_s0.npz,0.5,0.2,10,0,0.0133617920801043,-0.0200149528682231,-0.0700664520263671,-0.0754676610231399,-0.0104675907641649,0.092451736330986,0.6041955947875977,0.1121764481067657,0.3390343189239502,0.1999141126871109,1.3755154609680176,0.1328304708003997,0.8648768067359924,8,5
148,IpsiContra_In05_Rec10_Col10_s1.npz,0.5,1.0,10,1,0.0119519308209419,-0.0630950778722763,-0.0138615574687719,-0.0533163659274578,-0.0492356233298778,0.0407403260469436,0.2271205484867096,0.0872568637132644,0.1695162504911422,0.0387112572789192,0.6276014447212219,0.3220131397247314,0.5261309146881104,2,6
149,IpsiContra_In10_Rec10_Col20_s2.npz,1.0,1.0,20,2,0.0158586539328098,-0.3537003695964813,-0.2071525156497955,-0.2149602174758911,-0.0477252528071403,0.4006129801273346,0.373413622379303,0.127811312675476,0.3448341488838196,1.5712743997573853,1.2096033096313477,-0.0612139627337455,1.0496865510940552,2,0
150,IpsiContra_In05_Rec10_Col10_s0.npz,0.5,1.0,10,0,0.0098305167630314,-0.125029519200325,-0.1290548145771026,-0.0566468946635723,-0.0921172052621841,0.1126153320074081,0.1825470626354217,0.0481611900031566,0.275808036327362,0.2078557610511779,0.5179674625396729,0.0434173159301281,0.8808176517486572,3,3
151,IpsiContra_In05_Rec02_Col10_s1.npz,0.5,0.2,10,1,0.0075228405185043,-0.0366891995072364,0.0129282223060727,-0.0257786214351654,-0.0237630419433116,0.088335245847702,0.2203047275543213,0.129405215382576,0.13685242831707,0.1513166278600692,0.5067967772483826,0.3901236057281494,0.3451265692710876,7,6
152,IpsiContra_In10_Rec05_Col20_s2.npz,1.0,0.5,20,2,0.0165052618831396,-0.1042958125472068,-0.1494919955730438,-0.0851080641150474,-0.1532053649425506,0.1873359978199005,0.5804956555366516,0.3207893073558807,0.2469182163476944,0.6784743666648865,2.576189517974853,0.905032753944397,0.6386096477508545,1,8
153,IpsiContra_In05_Rec05_Col10_s1.npz,0.5,0.5,10,1,0.0113751273602247,-0.0530949458479881,0.0086505729705095,-0.0480049028992652,-0.0253274198621511,0.0689824000000953,0.2153050601482391,0.0747383460402488,0.1346455514430999,0.2580024302005768,0.5136275291442871,0.2156570851802826,0.3557824790477752,2,2
154,IpsiContra_In10_Rec02_Col20_s2.npz,1.0,0.2,20,2,0.0164593085646629,-0.0229090303182601,-0.0467268452048301,0.0421614274382591,-0.0712438374757766,0.0552485361695289,0.3114329576492309,0.1924442499876022,0.2633206844329834,0.1128645241260528,0.7586875557899475,0.6378076672554016,0.7212024927139282,6,14
155,IpsiContra_In02_Rec07_Col30_s1.npz,0.2,0.7,30,1,0.0096631087362766,-0.1173816099762916,-0.1607167571783065,-0.0775818303227424,-0.0896139070391655,0.1033056005835533,0.1860695630311966,0.0964710712432861,0.1491789519786834,0.2825117707252502,0.4152335524559021,0.3198595345020294,0.4307667315006256,2,1
156,IpsiContra_In10_Rec02_Col20_s0.npz,1.0,0.2,20,0,0.0100882379338145,-0.1062593683600425,-0.1069356426596641,-0.0580020174384117,-0.0230043791234493,0.2519972026348114,0.2078148871660232,0.0772980451583862,0.2779349088668823,0.3877945244312286,0.481604129076004,0.1554036438465118,0.6739187836647034,9,4
157,IpsiContra_In05_Rec07_Col40_s1.npz,0.5,0.7,40,1,0.0095219034701585,-0.1276981234550476,-0.0575181022286415,-0.1485212296247482,-0.1055083125829696,0.1544274538755417,0.2009645700454712,0.1181661635637283,0.1931239664554596,0.4923481345176697,0.5886543989181519,0.2539304196834564,0.5462431907653809,2,1
158,IpsiContra_In10_Rec05_Col20_s0.npz,1.0,0.5,20,0,0.0099543435499072,-0.1106762886047363,-0.1471944749355316,-0.0346481204032897,-0.0845988765358924,0.124932937324047,0.2948678433895111,0.0983792021870613,0.2098636329174041,0.2250166535377502,0.6319947242736816,0.2129772156476974,0.3986970484256744,1,5
159,IpsiContra_In05_Rec10_Col10_s2.npz,0.5,1.0,10,2,0.0174562036991119,-0.0586558207869529,-0.1562972217798233,0.0552167072892189,-0.0940816178917884,0.0439294651150703,0.2416805028915405,0.1458503156900406,0.0912921875715255,0.0509087294340133,0.6382485628128052,0.3446603417396545,0.2072991579771042,3,20
160,IpsiContra_In10_Rec10_Col20_s1.npz,1.0,1.0,20,1,0.0108076315373182,-0.150259330868721,-0.1597550064325332,-0.1594202071428299,-0.0890200436115264,0.1002803221344947,0.2987665235996246,0.1816589683294296,0.1833322346210479,0.1435130983591079,1.0504637956619265,0.5533754825592041,0.47718146443367,2,3
161,IpsiContra_In10_Rec10_Col20_s0.npz,1.0,1.0,20,0,0.0102384621277451,-0.3783844113349914,-0.3032208085060119,-0.0853840857744216,-0.2053432017564773,0.3840764760971069,0.4378885626792907,0.068489670753479,0.3395918607711792,1.0611180067062378,1.0052169561386108,0.1299978941679,0.8289352655410767,2,6
162,IpsiContra_In05_Rec02_Col10_s2.npz,0.5,0.2,10,2,0.0158136133104562,-0.1670906990766525,-0.2033098638057708,-0.0165443755686283,0.0547882318496704,0.2474032044410705,0.4204433262348175,0.1788475215435028,0.3261798322200775,0.2349781841039657,0.8174429535865784,0.5786391496658325,0.8155455589294434,3,5
163,IpsiContra_In10_Rec05_Col20_s1.npz,1.0,0.5,20,1,0.0088885044679045,-0.0333157666027545,-0.0195674821734428,-0.061528492718935,-0.0007662696880288,0.1551539897918701,0.1383125185966491,0.06134894490242,0.1762595027685165,0.4006366431713104,0.2657956182956695,0.1462312787771225,0.3904289007186889,8,2
164,IpsiContra_In05_Rec05_Col10_s2.npz,0.5,0.5,10,2,0.0169870890676975,-0.0783869698643684,-0.0562214739620685,-0.0432829409837722,-0.0927648171782493,0.0895629227161407,0.1793806254863739,0.2069166302680969,0.2011630088090896,0.1849792897701263,0.5721601843833923,0.484802782535553,0.3377658724784851,4,11
165,IpsiContra_In05_Rec07_Col40_s0.npz,0.5,0.7,40,0,0.0112673500552773,-0.1677982360124588,-0.087071917951107,-0.1267033368349075,-0.1338531076908111,0.1640373170375824,0.1909445226192474,0.0898607149720192,0.3074832856655121,0.2831000387668609,0.7032650113105774,0.0481350123882293,0.8235674500465393,0,5
166,IpsiContra_In02_Rec07_Col30_s0.npz,0.2,0.7,30,0,0.0100819170475006,-0.1534231603145599,-0.1395292282104492,-0.1369446665048599,-0.0639621689915657,0.1838256269693374,0.3026601076126098,0.120595596730709,0.2273163944482803,0.3348495662212372,1.132211685180664,0.1740639209747314,0.5965960025787354,2,4
167,IpsiContra_In10_Rec02_Col20_s1.npz,1.0,0.2,20,1,0.0096503952518105,-0.0128348469734191,-0.0633112490177154,-0.1014406904578208,-0.0708952993154525,0.1148672997951507,0.254438579082489,0.1376557052135467,0.238261729478836,0.2208738774061203,0.3934908211231231,0.1216562688350677,0.3213525116443634,9,3
168,IpsiContra_In10_Rec05_Col30_s0.npz,1.0,0.5,30,0,0.0119377952069044,-0.1871697604656219,-0.0382088683545589,-0.1741970628499984,-0.2149194180965423,0.1959854811429977,0.2080029249191284,0.1904033124446869,0.425045907497406,0.2582560181617737,0.4911013841629028,0.1869337111711502,1.102493166923523,4,3
169,IpsiContra_In07_Rec10_Col40_s0.npz,0.7,1.0,40,0,0.0115334261208772,-0.4504510760307312,-0.136895552277565,-0.2734289765357971,-0.157398447394371,0.1741794347763061,0.2748061120510101,0.134692758321762,0.2377043813467025,0.0070884134620428,0.8584348559379578,-0.0170484129339456,0.6014612913131714,0,1
170,IpsiContra_In10_Rec02_Col30_s0.npz,1.0,0.2,30,0,0.0099631752818822,-0.1183074489235878,-0.0642523542046547,-0.0486602857708931,0.0271131694316864,0.304966539144516,0.2764927446842193,0.0847488716244697,0.3404514789581299,0.5960177779197693,0.6981065273284912,0.1810855716466903,0.8045874834060669,5,5
171,IpsiContra_In02_Rec07_Col20_s1.npz,0.2,0.7,20,1,0.0089359963312745,-0.0694623813033104,-0.1432884782552719,-0.0380293242633342,-0.0414221957325935,0.1034831702709198,0.1382397264242172,0.0492428764700889,0.1081312447786331,0.3756186962127685,0.1178938671946525,0.0681234151124954,0.3251944184303283,6,3
172,IpsiContra_In07_Rec05_Col40_s1.npz,0.7,0.5,40,1,0.0091937789693474,-0.1022626906633377,-0.1161126121878624,-0.1718933582305908,-0.0828592330217361,0.1740359514951706,0.2631864249706268,0.1727226674556732,0.1993514746427536,0.3794021904468536,0.5201124548912048,0.3033519089221954,0.3730413019657135,5,1
173,IpsiContra_In10_Rec10_Col30_s1.npz,1.0,1.0,30,1,0.0120618334040045,-0.1268060207366943,-0.072249487042427,-0.1606086939573288,-0.0707078129053115,0.1255487501621246,0.3467455804347992,0.1546519845724105,0.1342036873102188,0.3928626775741577,1.1060688495635986,0.4757719039916992,0.4998246729373932,1,1
174,IpsiContra_In07_Rec02_Col40_s1.npz,0.7,0.2,40,1,0.0097444364801049,-0.0728179439902305,-0.0376249738037586,-0.095069408416748,-0.0399141833186149,0.1500197798013687,0.1779799610376358,0.1208456233143806,0.191854789853096,0.1470206677913665,0.4127945601940155,0.0988354235887527,0.4464885592460632,6,2
175,IpsiContra_In07_Rec02_Col40_s0.npz,0.7,0.2,40,0,0.0102019235491752,-0.0446859262883663,-0.0528683774173259,-0.0447417832911014,-0.147929236292839,0.0939300805330276,0.2672586739063263,0.1081055477261543,0.2425856441259384,0.11077830940485,0.5285319089889526,0.2336888313293457,0.3220872581005096,5,7
176,IpsiContra_In07_Rec07_Col10_s2.npz,0.7,0.7,10,2,0.0161535050719976,-0.0500775091350078,-0.0546731427311897,-0.0582294948399066,-0.2612062692642212,0.0837409198284149,0.3450409770011902,0.0591552890837192,0.4647856950759887,0.1641754657030105,1.391323447227478,0.0416512861847877,0.5828149318695068,3,4
177,IpsiContra_In10_Rec10_Col30_s0.npz,1.0,1.0,30,0,0.009638087823987,-0.2452605664730072,-0.0892708674073219,-0.100287914276123,-0.1301981657743454,0.1191004440188407,0.1989644467830658,0.098720759153366,0.2064292132854461,-0.0469293221831321,0.4593135118484497,0.3141412138938904,0.6287814974784851,0,6
178,IpsiContra_In07_Rec05_Col40_s0.npz,0.7,0.5,40,0,0.0104558421298861,-0.1305184662342071,-0.0825564786791801,-0.141028806567192,-0.0731504932045936,0.1906517148017883,0.2153186202049255,0.1371052265167236,0.2282598167657852,0.4490300118923187,0.6274964809417725,0.1394900828599929,0.4953662157058716,3,3
179,IpsiContra_In10_Rec02_Col30_s1.npz,1.0,0.2,30,1,0.0101171657443046,-0.0162060745060443,-0.0603751242160797,-0.0538395531475544,-0.0285422150045633,0.1221514046192169,0.1832781136035919,0.0808273330330848,0.1538023203611374,0.3180502653121948,0.3120563626289367,0.0911086276173591,0.4058583080768585,9,5
180,IpsiContra_In02_Rec07_Col20_s0.npz,0.2,0.7,20,0,0.010093261487782,-0.05023143440485,-0.1290675103664398,-0.104744054377079,-0.1067184433341026,0.1831059902906417,0.2657345235347748,0.1092242151498794,0.2758623957633972,0.4188462495803833,1.037453532218933,0.1986953616142273,0.7933131456375122,5,5
181,IpsiContra_In07_Rec10_Col40_s1.npz,0.7,1.0,40,1,0.0123141584917902,-0.255121648311615,-0.1812892854213714,-0.2015349417924881,-0.0882938727736473,0.2905338406562805,0.2875546813011169,0.091936282813549,0.2925549447536468,0.8272987604141235,0.8283618092536926,-0.0388041362166404,0.7471179962158203,3,0
182,IpsiContra_In10_Rec05_Col30_s1.npz,1.0,0.5,30,1,0.0097368201240897,-0.0433455817401409,-0.1045838147401809,-0.1396709680557251,-0.0783243775367736,0.2133349180221557,0.242152139544487,0.102934181690216,0.1592554301023483,0.6239485144615173,0.3578249812126159,0.066169373691082,0.3328309655189514,10,0
183,IpsiContra_In02_Rec07_Col20_s2.npz,0.2,0.7,20,2,0.0168685484677553,-0.0199478864669799,-0.0650967583060264,-0.074268028140068,0.0247226860374212,0.0655078291893005,0.1427616477012634,0.064820259809494,0.1956860274076461,0.1395326256752014,0.5258964896202087,0.0444830171763896,0.5416566729545593,11,1
184,IpsiContra_In10_Rec10_Col30_s2.npz,1.0,1.0,30,2,0.0178862772881984,-0.4024294018745422,-0.1631274968385696,-0.1678683906793594,-0.1551519185304641,0.5970045924186707,0.2444010227918625,0.0998200550675392,0.4364316463470459,2.038311719894409,0.5940592885017395,-0.0245488621294498,1.0828330516815186,5,1
185,IpsiContra_In07_Rec05_Col40_s2.npz,0.7,0.5,40,2,0.0145179349929094,-0.0560422763228416,-0.0869008302688598,-0.1293927133083343,-0.181858092546463,0.5113784670829773,0.2096531838178634,0.1532011032104492,0.6169853210449219,2.021810531616211,0.6162647604942322,0.1351905167102813,1.58402681350708,8,3
186,IpsiContra_In07_Rec07_Col10_s0.npz,0.7,0.7,10,0,0.0101223858073353,-0.0635467618703842,-0.0689453035593032,-0.1112319082021713,-0.1053291335701942,0.08329588919878,0.2137276828289032,0.11769400537014,0.2340398281812667,0.2140669375658035,0.6315585970878601,0.1914564967155456,0.528891384601593,5,4
187,IpsiContra_In07_Rec02_Col40_s2.npz,0.7,0.2,40,2,0.0159839559346437,0.0038622021675109,-0.042985662817955,-0.0531266517937183,0.1001010760664939,0.1781413555145263,0.2026661783456802,0.1357041001319885,0.3064031898975372,0.7457321286201477,0.5541834235191345,0.2733842134475708,0.8277823328971863,15,0
188,IpsiContra_In07_Rec07_Col10_s1.npz,0.7,0.7,10,1,0.0122241592034697,-0.0460173413157463,-0.1239861026406288,-0.0590138807892799,-0.0540493354201316,0.1614394783973693,0.1499117314815521,0.0435944199562072,0.1258601397275924,0.5477107763290405,0.2935731709003448,0.0469898991286754,0.3073619306087494,8,0
189,IpsiContra_In10_Rec02_Col30_s2.npz,1.0,0.2,30,2,0.0171643253415823,0.0403424687683582,-0.0255180839449167,-0.2066303193569183,-0.2054131776094436,0.2789838016033172,0.186077743768692,0.2013235688209533,0.6051785945892334,1.247316837310791,0.5976521968841553,0.0889476612210273,0.9840170741081238,13,3
190,IpsiContra_In10_Rec05_Col30_s2.npz,1.0,0.5,30,2,0.0159626193344593,0.013376185670495,-0.1045566648244857,-0.0920445472002029,-0.171266108751297,0.4270937442779541,0.2204826474189758,0.0511611737310886,0.5092317461967468,2.1677064895629883,0.7193453311920166,0.0031273635104298,1.1379690170288086,8,2
191,IpsiContra_In07_Rec10_Col40_s2.npz,0.7,1.0,40,2,0.0174429025501012,-0.1462279707193374,-0.1688253283500671,-0.0309920720756053,-0.1854064166545868,0.1148776113986969,0.5421385169029236,0.5417876839637756,0.1996903121471405,0.2907690405845642,1.9127641916275024,1.438363552093506,0.4806214272975921,2,9
192,IpsiContra_In02_Rec01_Col20_s0.npz,0.2,0.1,20,0,0.011048424057662487,-0.005722218658775091,0.07606234401464462,0.008097203448414803,0.061713673174381256,0.30161094665527344,0.4897450804710388,0.27441465854644775,0.3136616051197052,0.7488397359848022,1.6489613056182861,1.4466112852096558,1.2558424472808838,2,7
193,IpsiContra_In01_Rec00_Col20_s2.npz,0.1,0.0,20,2,0.018757514655590057,-0.02296590432524681,-0.00751954922452569,0.01076045073568821,-0.017923925071954727,0.19671164453029633,0.2437496930360794,0.22146712243556976,0.31808048486709595,0.5157309770584106,0.71006840467453,0.347700297832489,0.8623899221420288,6,13
194,IpsiContra_In05_Rec01_Col30_s0.npz,0.5,0.1,30,0,0.014594290405511856,-0.04449792951345444,0.07443459331989288,-0.16777034103870392,-0.1260989010334015,0.3440275490283966,0.529906690120697,0.6258891224861145,0.5810819864273071,0.4069044589996338,1.7672245502471924,0.7719740867614746,0.9932576417922974,4,7
195,IpsiContra_In07_Rec01_Col30_s0.npz,0.7,0.1,30,0,0.012724901549518108,-0.0808718353509903,-0.022582286968827248,-0.06658556312322617,-0.10837741196155548,0.35669034719467163,0.7177979350090027,0.6160993576049805,0.49209877848625183,1.1782853603363037,2.313255548477173,1.9395463466644287,1.1648536920547485,0,10
196,IpsiContra_In01_Rec01_Col30_s2.npz,0.1,0.1,30,2,0.020227886736392975,-0.014326617121696472,0.01326834224164486,0.017506025731563568,0.029886817559599876,0.077796071767807,0.19714920222759247,0.09948989003896713,0.15621520578861237,0.19735024869441986,0.7063146233558655,0.22929637134075165,0.6823930740356445,5,15
197,IpsiContra_In07_Rec00_Col10_s2.npz,0.7,0.0,10,2,0.02015574835240841,-0.02529730834066868,-0.02308562584221363,-0.06539243459701538,-0.01692001149058342,0.2926841676235199,0.18065886199474335,0.19337163865566254,0.6516746282577515,0.4290424585342407,0.34656625986099243,0.22845204174518585,1.3487777709960938,10,3
198,IpsiContra_In01_Rec01_Col40_s0.npz,0.1,0.1,40,0,0.017251309007406235,0.0070714568719267845,0.049852289259433746,-0.04670948535203934,-0.0028133108280599117,0.08160633593797684,0.25391048192977905,0.11486286669969559,0.24896319210529327,0.3453681766986847,1.0909000635147095,0.2718055844306946,0.8921414017677307,5,8
199,IpsiContra_In05_Rec00_Col30_s0.npz,0.5,0.0,30,0,0.016476482152938843,0.004241967108100653,0.053962089121341705,-0.04255376011133194,-0.03508755564689636,0.2726763188838959,0.5484658479690552,0.2989204227924347,0.317181795835495,0.7889452576637268,1.1443182229995728,0.7667961716651917,0.9107575416564941,4,7
200,IpsiContra_In07_Rec01_Col10_s1.npz,0.7,0.1,10,1,0.0105099156498909,-0.12747842073440552,-0.13359764218330383,-0.04469742998480797,0.012741178274154663,0.43833795189857483,0.7434800863265991,0.3194849193096161,0.2049558311700821,0.8820895552635193,1.6326770782470703,0.7156747579574585,0.43822765350341797,3,8
201,IpsiContra_In02_Rec00_Col40_s0.npz,0.2,0.0,40,0,0.013237258419394493,-0.06178608536720276,-0.0237442459911108,-0.014597004279494286,0.03964385762810707,0.3237724006175995,0.5453321933746338,0.1590798944234848,0.1933158040046692,0.40040844678878784,1.1102068424224854,0.4308386445045471,0.6938081979751587,4,8
202,IpsiContra_In05_Rec00_Col20_s1.npz,0.5,0.0,20,1,0.010799274779856205,-0.12208092212677002,-0.08150380849838257,-0.07922898977994919,0.029444759711623192,0.6857742071151733,0.5373139381408691,0.24439731240272522,0.35184672474861145,1.1288992166519165,0.7905811071395874,0.34586507081985474,1.3359953165054321,11,7
203,IpsiContra_In01_Rec02_Col40_s1.npz,0.1,0.2,40,1,0.010745852254331112,0.03995805233716965,-0.048874784260988235,-0.002954263938590884,0.018366223201155663,0.12340942025184631,0.13434499502182007,0.1097751036286354,0.2177511602640152,0.35184311866760254,0.24182921648025513,0.5165862441062927,0.6451666951179504,20,1
204,IpsiContra_In02_Rec00_Col40_s2.npz,0.2,0.0,40,2,0.01644776575267315,0.05929945781826973,0.0011133819352835417,0.07074929773807526,0.12326371669769287,0.2668686807155609,0.25015148520469666,0.20681729912757874,0.4395178556442261,0.6591149568557739,0.6190540194511414,0.6800938844680786,1.2066621780395508,20,4
205,IpsiContra_In05_Rec01_Col40_s0.npz,0.5,0.1,40,0,0.01683085784316063,-0.07067972421646118,0.05796954035758972,-0.13671615719795227,-0.05769147723913193,0.3115501403808594,0.5321847200393677,0.5301806926727295,0.5152156352996826,0.4911904036998749,1.6801700592041016,0.6554209589958191,1.113970398902893,6,7
206,IpsiContra_In01_Rec01_Col40_s2.npz,0.1,0.1,40,2,0.017587043344974518,-0.036505378782749176,0.017574317753314972,0.014299551956355572,0.029520172625780106,0.09248533844947815,0.18481864035129547,0.10061505436897278,0.18944203853607178,0.1604566127061844,0.7080779671669006,0.18422341346740723,0.7181685566902161,4,18
207,IpsiContra_In07_Rec00_Col20_s0.npz,0.7,0.0,20,0,0.016123276203870773,-0.059680141508579254,-0.03151235729455948,-0.013030266389250755,-0.07725478708744049,0.3700992465019226,0.7602794170379639,0.3731894791126251,0.3445410132408142,1.1645907163619995,1.885351538658142,1.3116705417633057,0.7738826870918274,2,8
208,IpsiContra_In07_Rec01_Col20_s2.npz,0.7,0.1,20,2,0.022071948274970055,-0.4113713204860687,-0.6106456518173218,0.07181866466999054,0.009313985705375671,1.0683711767196655,2.300746202468872,0.8224863409996033,0.484258234500885,0.6219159364700317,1.9129886627197266,2.510878562927246,1.2606134414672852,2,17
209,IpsiContra_In01_Rec02_Col20_s1.npz,0.1,0.2,20,1,0.012632690370082855,-0.0055633126758039,-0.01836133748292923,-0.025378039106726646,0.015911629423499107,0.07874807715415955,0.15590378642082214,0.04322005435824394,0.21544723212718964,0.24027767777442932,0.27399346232414246,0.08845341950654984,0.8481671214103699,7,1
210,IpsiContra_In02_Rec00_Col20_s1.npz,0.2,0.0,20,1,0.02165602520108223,-0.024608725681900978,0.0129329739138484,0.0028203725814819336,0.017904628068208694,0.08815944194793701,0.22330468893051147,0.14083833992481232,0.15617388486862183,0.17247910797595978,0.4871354103088379,0.500951886177063,0.47511327266693115,3,9
211,IpsiContra_In02_Rec01_Col10_s2.npz,0.2,0.1,10,2,0.02350088395178318,-0.045118726789951324,-0.06122253090143204,-0.06543204188346863,-0.10129998624324799,0.08925175666809082,0.2595781683921814,0.2156902253627777,0.249735027551651,0.1716374009847641,1.0359201431274414,0.31631094217300415,0.5402055382728577,4,15
212,IpsiContra_In02_Rec01_Col30_s1.npz,0.2,0.1,30,1,0.013391386717557907,-0.06631235033273697,-0.043630391359329224,-0.0007659666007384658,0.02740291692316532,0.10751483589410782,0.17944012582302094,0.09373161941766739,0.2338838130235672,0.18952398002147675,0.4570167064666748,0.17423155903816223,0.6787239909172058,5,10
213,IpsiContra_In01_Rec01_Col10_s1.npz,0.1,0.1,10,1,0.013622512109577656,-0.018285315483808517,-0.014407381415367126,-0.02605769969522953,0.035069163888692856,0.17288370430469513,0.09597637504339218,0.05870797485113144,0.17859625816345215,0.40702444314956665,0.19812935590744019,0.07225256413221359,0.74452805519104,14,0
214,IpsiContra_In02_Rec01_Col20_s2.npz,0.2,0.1,20,2,0.017010966315865517,-0.032564252614974976,0.028059113770723343,-0.03590819239616394,-0.05180533975362778,0.1669820249080658,0.3842258155345917,0.27539658546447754,0.27386724948883057,0.20531386137008667,1.132397174835205,0.5459401607513428,0.4661628305912018,3,16
215,IpsiContra_In01_Rec00_Col30_s1.npz,0.1,0.0,30,1,0.021173808723688126,-0.021543096750974655,-0.015612098388373852,0.0014791846042498946,0.039959605783224106,0.09860648214817047,0.09961871057748795,0.07446949928998947,0.17916540801525116,0.21770130097866058,0.2177008092403412,0.26212674379348755,0.7733511924743652,11,5
216,IpsiContra_In01_Rec02_Col10_s0.npz,0.1,0.2,10,0,0.013213342055678368,-0.4135858118534088,-0.20702238380908966,-0.012282006442546844,-0.0030155405402183533,0.9640097618103027,0.8583325147628784,0.0479312501847744,0.31279247999191284,0.3148324489593506,1.1078184843063354,0.1510169953107834,1.9035367965698242,1,10
217,IpsiContra_In07_Rec00_Col30_s1.npz,0.7,0.0,30,1,0.017010057345032692,-0.039751678705215454,-0.07174021005630493,-0.074307881295681,-0.0035197779070585966,0.3000023066997528,0.44139981269836426,0.33771997690200806,0.27619531750679016,0.46274587512016296,1.0402190685272217,0.5992230176925659,0.8503619432449341,7,5
218,IpsiContra_In07_Rec01_Col40_s0.npz,0.7,0.1,40,0,0.009708018973469734,-0.1818465292453766,-0.20527949929237366,0.0735233873128891,-0.09118154644966125,0.6217007637023926,1.1927753686904907,0.4079573154449463,0.4563096761703491,1.2890398502349854,2.280916929244995,1.2606444358825684,0.5453145503997803,2,16
219,IpsiContra_In01_Rec00_Col40_s1.npz,0.1,0.0,40,1,0.015459321439266205,0.014330923557281494,-0.031093735247850418,-0.016269002109766006,0.06686892360448837,0.10872149467468262,0.06291885673999786,0.05693201720714569,0.1687912493944168,0.4163428843021393,0.13443072140216827,0.12461988627910614,0.7636832594871521,21,1
220,IpsiContra_In05_Rec01_Col30_s1.npz,0.5,0.1,30,1,0.011324107646942139,-0.03759477660059929,-0.013380879536271095,-0.044251713901758194,0.03464199975132942,0.161550372838974,0.24606266617774963,0.12266294658184052,0.27665501832962036,0.5775492191314697,0.5499364137649536,0.22416694462299347,1.2468304634094238,3,13
221,IpsiContra_In01_Rec00_Col30_s2.npz,0.1,0.0,30,2,0.021587161347270012,-0.03642650693655014,-0.019800618290901184,0.020887941122055054,0.019663065671920776,0.0871792584657669,0.16851253807544708,0.12120252847671509,0.19076788425445557,0.16260415315628052,0.6824241280555725,0.2108958214521408,0.7437117099761963,3,21
222,IpsiContra_In07_Rec01_Col20_s1.npz,0.7,0.1,20,1,0.013057374395430088,-0.0657891184091568,-0.09971193969249725,-0.23779086768627167,-0.08332853019237518,0.25084778666496277,0.4226857125759125,0.7951959371566772,0.3998267948627472,0.5402710437774658,0.9963752627372742,0.6285751461982727,0.720963180065155,5,6
223,IpsiContra_In05_Rec01_Col20_s2.npz,0.5,0.1,20,2,0.01767277903854847,-0.018850727006793022,-0.0025223628617823124,-0.06081993505358696,-0.024122847244143486,0.07773452252149582,0.2127818763256073,0.13644178211688995,0.17562012374401093,0.12407580763101578,0.7968543171882629,0.2799293100833893,0.44248056411743164,6,9
224,IpsiContra_In07_Rec00_Col30_s2.npz,0.7,0.0,30,2,0.019420798867940903,-0.06351813673973083,0.059663135558366776,-0.023187171667814255,-0.02711651846766472,0.20325104892253876,0.35699090361595154,0.5839715600013733,0.6933457255363464,0.3534823954105377,0.7728667855262756,1.3775529861450195,1.2361255884170532,2,16
225,IpsiContra_In01_Rec02_Col10_s2.npz,0.1,0.2,10,2,0.01636659912765026,-0.03988521173596382,-0.05812375992536545,-0.05000920221209526,0.028110075742006302,0.06442020833492279,0.1766636222600937,0.06824222952127457,0.1606164276599884,0.13667765259742737,0.7136942744255066,0.06711021810770035,0.5387256145477295,5,1
226,IpsiContra_In01_Rec02_Col40_s0.npz,0.1,0.2,40,0,0.01113475114107132,-0.1098923534154892,-0.019114995375275612,-0.02516975998878479,-0.045935794711112976,0.21369102597236633,0.34962427616119385,0.13783244788646698,0.2741474211215973,0.19757145643234253,1.160714864730835,0.4260335862636566,1.486010193824768,0,11
227,IpsiContra_In02_Rec01_Col30_s0.npz,0.2,0.1,30,0,0.01219745259732008,-0.09109244495630264,-0.02284390851855278,-0.10264170169830322,-0.038655757904052734,0.5988322496414185,0.8055945038795471,0.3283621668815613,0.293960839509964,0.7759788036346436,1.3419305086135864,0.7633801102638245,1.1001349687576294,7,7
228,IpsiContra_In02_Rec01_Col40_s0.npz,0.2,0.1,40,0,0.012225940823554993,-0.041283220052719116,0.03450527787208557,-0.10690878331661224,-0.04263149946928024,0.2077161967754364,0.40185609459877014,0.19114422798156738,0.26621559262275696,0.4151848554611206,1.0369099378585815,0.24078309535980225,0.8237032294273376,3,8
229,IpsiContra_In07_Rec00_Col40_s0.npz,0.7,0.0,40,0,0.011883572675287724,-0.04753904789686203,-0.002053219126537442,-0.010161131620407104,0.0014165223110467196,0.4378618896007538,0.7276667952537537,0.5863706469535828,0.2766765356063843,1.042441964149475,1.978564977645874,1.6009862422943115,1.1784889698028564,1,14
230,IpsiContra_In05_Rec00_Col30_s1.npz,0.5,0.0,30,1,0.024738261476159096,-0.022448571398854256,0.055588822811841965,-0.0214365366846323,0.015467707999050617,0.10511192679405212,0.19139184057712555,0.12676087021827698,0.20298877358436584,0.2468392699956894,0.58733069896698,0.2742152214050293,0.5726376175880432,5,16
231,IpsiContra_In01_Rec01_Col30_s1.npz,0.1,0.1,30,1,0.012192443944513798,-0.05563749000430107,-0.060614097863435745,0.04382086917757988,0.04865925759077072,0.12913194298744202,0.16386249661445618,0.17169970273971558,0.17389902472496033,0.10894743353128433,0.31201744079589844,1.0065639019012451,0.6684818267822266,8,12
232,IpsiContra_In01_Rec02_Col10_s1.npz,0.1,0.2,10,1,0.01195145770907402,0.01685122773051262,-0.039814241230487823,-0.00813979096710682,-0.015080871991813183,0.14986255764961243,0.18901802599430084,0.03804356977343559,0.17233861982822418,0.3773016333580017,0.2282227873802185,0.06987997144460678,0.6188466548919678,15,8
233,IpsiContra_In02_Rec00_Col30_s0.npz,0.2,0.0,30,0,0.012028226628899574,0.031102096661925316,0.08128736168146133,-0.0402802899479866,0.021880706772208214,0.41030260920524597,0.6916312575340271,0.40710702538490295,0.30842602252960205,1.31232750415802,2.0913069248199463,0.8691414594650269,0.8583078384399414,5,7
234,IpsiContra_In05_Rec01_Col30_s2.npz,0.5,0.1,30,2,0.019956113770604134,-0.038450948894023895,0.026217857375741005,-0.04361150786280632,-0.04946056008338928,0.10446099936962128,0.22264383733272552,0.1962093859910965,0.2301955372095108,0.17662319540977478,0.8961488604545593,0.28819739818573,0.48570722341537476,2,16
235,IpsiContra_In02_Rec01_Col10_s1.npz,0.2,0.1,10,1,0.017248887568712234,0.020680684596300125,-0.03070501610636711,-0.020299214869737625,0.01657467894256115,0.08370162546634674,0.18360087275505066,0.07211349904537201,0.18436822295188904,0.24097301065921783,0.4192623496055603,0.14633098244667053,0.4579520523548126,19,4
236,IpsiContra_In07_Rec01_Col40_s1.npz,0.7,0.1,40,1,0.01055163610726595,-0.06854967027902603,-0.0516415610909462,-0.09845338016748428,0.0029309955425560474,0.2868388891220093,0.375753790140152,0.23160085082054138,0.16886046528816223,0.4891022741794586,0.7026435136795044,0.36052408814430237,0.4590800106525421,9,4
237,IpsiContra_In07_Rec00_Col40_s2.npz,0.7,0.0,40,2,0.017719805240631104,-0.09177003800868988,0.006830728147178888,-0.00708025973290205,0.10473597049713135,0.21304042637348175,0.2773429751396179,0.2882256805896759,0.46613237261772156,0.33943718671798706,0.6066017746925354,0.510370671749115,1.3894932270050049,4,13
238,IpsiContra_In05_Rec01_Col20_s0.npz,0.5,0.1,20,0,0.01596686616539955,0.010503431782126427,0.09641079604625702,-0.05013418197631836,-0.13012610375881195,0.5541600584983826,0.8728823065757751,0.2979584038257599,0.3854178190231323,1.3233281373977661,2.410383939743042,0.7766467928886414,0.8733844757080078,5,8
239,IpsiContra_In05_Rec01_Col10_s2.npz,0.5,0.1,10,2,0.01710646227002144,-0.03788374736905098,-0.027051489800214767,-0.04571157693862915,-0.039949215948581696,0.0627560243010521,0.20727214217185974,0.13634425401687622,0.17927083373069763,0.06319594383239746,0.8299825191497803,0.2751278281211853,0.4489160180091858,5,14
240,IpsiContra_In02_Rec01_Col20_s1.npz,0.2,0.1,20,1,0.010000410489737988,-0.12536221742630005,-0.1208416223526001,-0.009514709003269672,0.03443446010351181,0.3580259084701538,0.2720692455768585,0.12031003832817078,0.20766428112983704,0.23355408012866974,0.3352617025375366,0.3992978036403656,0.5639083385467529,11,3
241,IpsiContra_In01_Rec00_Col10_s2.npz,0.1,0.0,10,2,0.017506303265690804,-0.012986278161406517,0.011049416847527027,0.0811626985669136,0.06265848875045776,0.07689373195171356,0.18472427129745483,0.41435500979423523,0.38708657026290894,0.13628782331943512,0.7415690422058105,1.1057194471359253,0.9603723287582397,5,18
242,IpsiContra_In01_Rec00_Col40_s2.npz,0.1,0.0,40,2,0.018556751310825348,-0.03793574124574661,-0.005947783589363098,0.015978790819644928,0.018629468977451324,0.07312086224555969,0.1794068068265915,0.07738543301820755,0.1570524126291275,0.10781145095825195,0.6714323163032532,0.2661554217338562,0.7022193074226379,4,16
243,IpsiContra_In02_Rec00_Col30_s1.npz,0.2,0.0,30,1,0.017962854355573654,-0.0067366017028689384,-0.007358613424003124,-0.010470221750438213,0.029201891273260117,0.09306754916906357,0.20687036216259003,0.09645473212003708,0.1474221646785736,0.14264465868473053,0.6326022744178772,0.20323586463928223,0.4054813086986542,9,6
244,IpsiContra_In07_Rec01_Col20_s0.npz,0.7,0.1,20,0,0.01375954132527113,-0.3153846561908722,-0.4661533236503601,0.12220877408981323,-0.05013953894376755,0.8857546448707581,1.9680492877960205,0.6182979941368103,0.3778654932975769,1.267815351486206,3.07035493850708,2.0780913829803467,0.8742687106132507,0,15
245,IpsiContra_In05_Rec01_Col20_s1.npz,0.5,0.1,20,1,0.009790414944291115,-0.11058409512042999,-0.012812006287276745,-0.06316454708576202,0.012135794386267662,0.35252609848976135,0.2510659098625183,0.1267150193452835,0.2583351135253906,0.3304262161254883,0.5508032441139221,0.18081054091453552,1.0133790969848633,9,8
246,IpsiContra_In02_Rec01_Col40_s2.npz,0.2,0.1,40,2,0.01760738529264927,-0.027576874941587448,0.003936859779059887,-0.057603634893894196,-0.04899139329791069,0.10481610149145126,0.21701139211654663,0.12146121263504028,0.2370615303516388,0.13922955095767975,1.0574250221252441,0.1712130904197693,0.6880044341087341,8,10
247,IpsiContra_In05_Rec01_Col10_s0.npz,0.5,0.1,10,0,0.014925896190106869,-0.1410091370344162,-0.09944974631071091,-0.09112691879272461,-0.05656785890460014,1.0893855094909668,1.4257583618164062,0.5199083685874939,0.5554910898208618,1.5567238330841064,2.719550609588623,1.2134582996368408,1.2967549562454224,2,7
248,IpsiContra_In02_Rec00_Col20_s2.npz,0.2,0.0,20,2,0.021115444600582123,-0.02855045534670353,-0.022968800738453865,-0.018599456176161766,0.008254850283265114,0.22397570312023163,0.2958039343357086,0.11167626827955246,0.28650522232055664,0.5882567763328552,1.0617728233337402,0.2105383425951004,0.842995285987854,8,8
249,IpsiContra_In01_Rec01_Col10_s0.npz,0.1,0.1,10,0,0.01616434007883072,-0.0017664774786680937,0.11040864139795303,-0.01986873708665371,-0.04625491052865982,0.24084217846393585,0.40524938702583313,0.24961920082569122,0.25310757756233215,0.5559646487236023,1.3051002025604248,0.6297768950462341,0.6361615061759949,0,13
250,IpsiContra_In05_Rec00_Col40_s2.npz,0.5,0.0,40,2,0.018681807443499565,-0.03963105380535126,0.03062288463115692,0.0383143313229084,-0.059133678674697876,0.1179526224732399,0.3437177240848541,0.49519938230514526,0.30242079496383667,0.19095969200134277,1.2844613790512085,1.5758901834487915,0.6227535009384155,2,19
251,IpsiContra_In07_Rec01_Col10_s0.npz,0.7,0.1,10,0,0.013695667497813702,0.0004920512437820435,0.12257768958806992,-0.05118503421545029,-0.0882674977183342,0.6658346652984619,1.4059031009674072,0.10779484361410141,0.2416580766439438,1.3165515661239624,3.1421117782592773,0.29006141424179077,0.5689267516136169,3,5
252,IpsiContra_In01_Rec02_Col40_s2.npz,0.1,0.2,40,2,0.02091928943991661,0.07064767926931381,0.09530816972255707,0.03534596040844917,0.049355410039424896,0.15799081325531006,0.2744542062282562,0.1560225933790207,0.19267325103282928,0.492298424243927,0.6168152093887329,0.44795548915863037,0.6815714836120605,7,16
253,IpsiContra_In05_Rec01_Col40_s2.npz,0.5,0.1,40,2,0.015729466453194618,-0.019314955919981003,0.08487240970134735,-0.0432809516787529,-0.06443675607442856,0.10218733549118042,0.20267249643802643,0.20847950875759125,0.2960827350616455,0.22447557747364044,0.8474628329277039,0.28054192662239075,0.5681464076042175,4,12
254,IpsiContra_In07_Rec00_Col20_s2.npz,0.7,0.0,20,2,0.024480488151311874,-0.19178614020347595,-0.029207229614257812,-0.020938586443662643,-0.11113496869802475,0.4722023606300354,0.630577802658081,0.23886694014072418,0.3834109902381897,0.2605670392513275,1.1951115131378174,0.4938890039920807,0.5162885189056396,5,12
255,IpsiContra_In01_Rec01_Col20_s0.npz,0.1,0.1,20,0,0.012122975662350655,0.016096841543912888,0.02703704871237278,0.004590817727148533,0.024960126727819443,0.4721674621105194,0.3788370192050934,0.07609263807535172,0.18920667469501495,1.058422327041626,1.3705940246582031,0.2887423038482666,1.0216560363769531,11,9
256,IpsiContra_In01_Rec02_Col20_s0.npz,0.1,0.2,20,0,0.010657072998583317,-0.34446629881858826,-0.12181568145751953,-0.0006580009940080345,-0.006988605950027704,0.8334383368492126,0.6590736508369446,0.13447587192058563,0.2822708189487457,0.354096382856369,1.1098320484161377,0.3956868052482605,1.5859462022781372,2,15
257,IpsiContra_In02_Rec01_Col10_s0.npz,0.2,0.1,10,0,0.013961557298898697,0.011138920672237873,0.1412239372730255,-0.014734159223735332,-0.036490507423877716,0.22453908622264862,0.42870286107063293,0.27292466163635254,0.2813574969768524,0.5770626664161682,1.28055739402771,1.0987639427185059,1.1595041751861572,0,14
258,IpsiContra_In02_Rec00_Col20_s0.npz,0.2,0.0,20,0,0.013709680177271366,-0.003365814685821533,0.03415711969137192,0.017924627289175987,0.01524075586348772,0.32754501700401306,0.33980637788772583,0.299939900636673,0.2443295419216156,0.9332202076911926,1.2169665098190308,1.3987678289413452,0.781545877456665,7,8
259,IpsiContra_In05_Rec00_Col20_s2.npz,0.5,0.0,20,2,0.03219401836395264,-0.22882850468158722,-0.2941913902759552,-0.07198895514011383,-0.1064511314034462,0.8480771780014038,1.0610675811767578,0.3609357476234436,0.437179297208786,0.7455375790596008,0.9658022522926331,0.632211446762085,0.8363425135612488,10,8
260,IpsiContra_In01_Rec01_Col20_s2.npz,0.1,0.1,20,2,0.01834200695157051,-0.0023596175014972687,0.012227902188897133,0.0005621373420581222,-0.013993211090564728,0.13154424726963043,0.2633236050605774,0.13295139372348785,0.18645232915878296,0.40873539447784424,0.9682162404060364,0.2785789370536804,0.768765389919281,6,16
261,IpsiContra_In02_Rec01_Col40_s1.npz,0.2,0.1,40,1,0.011339650489389896,-0.02642068825662136,-0.01201709359884262,-0.026854580268263817,0.030490640550851822,0.16933798789978027,0.19730232656002045,0.16719196736812592,0.20523233711719513,0.4867485463619232,0.4317392408847809,0.6510620713233948,0.5095571875572205,11,7
262,IpsiContra_In01_Rec01_Col10_s2.npz,0.1,0.1,10,2,0.0253505427390337,-0.04473750665783882,-0.0351882167160511,-0.007587599568068981,0.006448492407798767,0.07773172855377197,0.24253857135772705,0.11560774594545364,0.1955021321773529,0.0728374645113945,0.761215090751648,0.2512833774089813,0.7917672991752625,2,11
263,IpsiContra_In01_Rec01_Col40_s1.npz,0.1,0.1,40,1,0.01142262201756239,-0.06939099729061127,-0.009059375151991844,-0.000917926779948175,0.0694405734539032,0.16890989243984222,0.0649242177605629,0.056065771728754044,0.20554219186306,0.12758123874664307,0.2606922686100006,0.10097400099039078,1.0708096027374268,19,5
264,IpsiContra_In01_Rec00_Col30_s0.npz,0.1,0.0,30,0,0.012486819177865982,-0.012311016209423542,0.04375515133142471,-0.03920751065015793,-0.020815756171941757,0.34829384088516235,0.44042664766311646,0.27422982454299927,0.2717132568359375,0.8225201368331909,1.217186450958252,0.5544397234916687,0.8916687965393066,3,11
265,IpsiContra_In05_Rec00_Col40_s0.npz,0.5,0.0,40,0,0.014331437647342682,-0.046705834567546844,0.07710206508636475,0.027021069079637527,-0.0019447713857516646,0.2795424461364746,0.5440045595169067,0.3964270055294037,0.2881537675857544,0.3666912019252777,1.3989557027816772,0.9333922266960144,0.7042688131332397,4,11
266,IpsiContra_In05_Rec00_Col40_s1.npz,0.5,0.0,40,1,0.011321711353957653,-0.03719543293118477,0.030639227479696274,-0.02162483148276806,0.016402598470449448,0.12742026150226593,0.23931892216205597,0.15273363888263702,0.18606466054916382,0.41203033924102783,0.5782514810562134,0.2532293200492859,0.5487879514694214,5,13
267,IpsiContra_In07_Rec00_Col20_s1.npz,0.7,0.0,20,1,0.030550215393304825,-0.04522396996617317,-0.04623132199048996,-0.044726740568876266,-0.028303196653723717,0.11879537254571915,0.311957985162735,0.11140279471874237,0.1256963461637497,0.19468994438648224,0.6349974870681763,0.16002143919467926,0.22138601541519165,3,5
268,IpsiContra_In07_Rec00_Col30_s0.npz,0.7,0.0,30,0,0.015407771803438663,0.03265690803527832,-0.04246366024017334,-0.08486650139093399,0.08567909896373749,0.57464599609375,0.6870175004005432,0.535748302936554,0.3976077735424042,1.5952117443084717,1.2575353384017944,1.0658636093139648,1.9832085371017456,11,6
269,IpsiContra_In05_Rec01_Col40_s1.npz,0.5,0.1,40,1,0.01030342373996973,-0.026715148240327835,-0.02020348235964775,-0.05029835179448128,0.005151282995939255,0.14827531576156616,0.23136359453201294,0.16829486191272736,0.2671026587486267,0.2603432238101959,0.5385844707489014,0.2602728009223938,0.6619582176208496,6,5
270,IpsiContra_In05_Rec00_Col20_s0.npz,0.5,0.0,20,0,0.013111384585499763,-0.0621953010559082,-0.0725269764661789,0.03437776491045952,-0.017437702044844627,0.8856961131095886,1.3174786567687988,0.245596244931221,0.3158167600631714,1.5198113918304443,2.342803716659546,1.2467999458312988,0.9210630655288696,5,8
271,IpsiContra_In01_Rec01_Col30_s0.npz,0.1,0.1,30,0,0.015316913835704327,0.012479148805141449,0.10359600931406021,-0.025313904508948326,-0.06576527655124664,0.14132915437221527,0.3314742147922516,0.3704463243484497,0.32319656014442444,0.3858872354030609,1.067887306213379,0.7584923505783081,1.0922598838806152,2,15
272,IpsiContra_In02_Rec00_Col40_s1.npz,0.2,0.0,40,1,0.013776931911706924,-0.017189884558320045,-0.020015131682157516,0.02875167690217495,0.023514434695243835,0.10404916852712631,0.18751022219657898,0.08208461105823517,0.14962641894817352,0.261613130569458,0.48127758502960205,0.28597021102905273,0.3903047442436218,6,14
273,IpsiContra_In02_Rec00_Col30_s2.npz,0.2,0.0,30,2,0.020179850980639458,-0.036039941012859344,-0.014829790219664574,-0.02695471979677677,0.005717851221561432,0.20293061435222626,0.22662994265556335,0.1412835419178009,0.26021844148635864,0.3943670690059662,0.9255196452140808,0.1307712346315384,0.8155497908592224,9,8
274,IpsiContra_In07_Rec00_Col40_s1.npz,0.7,0.0,40,1,0.010705539956688881,-0.07255729287862778,-0.07399386912584305,0.0193489883095026,0.04187730699777603,0.390447735786438,0.6344262361526489,0.19828835129737854,0.29918184876441956,1.0528117418289185,2.0217225551605225,0.6565182209014893,0.9774245023727417,5,8
275,IpsiContra_In07_Rec01_Col30_s2.npz,0.7,0.1,30,2,0.017969949170947075,-0.14300936460494995,0.015492456965148449,-0.020722484216094017,-0.008685479871928692,0.23998837172985077,0.3789387047290802,0.19755735993385315,0.362913578748703,0.3736642599105835,0.7617164254188538,0.6112061142921448,1.0360912084579468,4,12
276,IpsiContra_In01_Rec02_Col30_s0.npz,0.1,0.2,30,0,0.022160105407238007,-0.06765572726726532,0.05692482739686966,-0.24231132864952087,-0.20641522109508514,0.2887786626815796,0.5184261798858643,0.5485759973526001,0.3867329955101013,1.017065405845642,1.8641093969345093,1.1099516153335571,0.8227073550224304,0,12
277,IpsiContra_In01_Rec00_Col40_s0.npz,0.1,0.0,40,0,0.016270337626338005,-0.037901632487773895,-0.002028173301368952,-0.03885741904377937,-0.04904709383845329,0.15550273656845093,0.31918248534202576,0.14971384406089783,0.18608035147190094,0.18806684017181396,1.1002510786056519,0.3690651059150696,0.3707069158554077,1,13
278,IpsiContra_In01_Rec00_Col20_s1.npz,0.1,0.0,20,1,0.01917470619082451,-0.010838273912668228,-0.02478957362473011,0.010701611638069153,0.08571863174438477,0.33360886573791504,0.2499234974384308,0.18554450571537018,0.2873234152793884,0.5957528352737427,0.5335506200790405,1.0416444540023804,1.2714874744415283,25,0
279,IpsiContra_In05_Rec00_Col30_s2.npz,0.5,0.0,30,2,0.018213791772723198,-0.03365803509950638,-0.023880625143647194,-0.036700937896966934,-0.02486584708094597,0.18653768301010132,0.23903606832027435,0.20816144347190857,0.27291762828826904,0.3556422293186188,0.7636304497718811,0.24353954195976257,0.7343056797981262,6,13
280,IpsiContra_In01_Rec02_Col30_s2.npz,0.1,0.2,30,2,0.018289903178811073,-0.011489023454487324,0.030345618724822998,0.02955968677997589,0.020806994289159775,0.08238691091537476,0.2080552875995636,0.09924832731485367,0.16154631972312927,0.1843327134847641,0.6364883780479431,0.18710573017597198,0.7058480381965637,2,20
281,IpsiContra_In01_Rec02_Col30_s1.npz,0.1,0.2,30,1,0.009846680797636509,-0.014141574501991272,-0.045121531933546066,-0.03116060234606266,0.011085597798228264,0.10578183084726334,0.1277369260787964,0.03371023014187813,0.17331022024154663,0.3035843074321747,0.12477844953536987,0.028568917885422707,0.6593002676963806,13,2
282,IpsiContra_In02_Rec01_Col30_s2.npz,0.2,0.1,30,2,0.01741229183971882,-0.051781345158815384,-0.04958364740014076,-0.04982534795999527,-0.06904967129230499,0.09678241610527039,0.22164924442768097,0.12122748792171478,0.23194736242294312,0.15260258316993713,0.6491156816482544,0.20035387575626373,0.5390856862068176,3,10
283,IpsiContra_In07_Rec01_Col40_s2.npz,0.7,0.1,40,2,0.016844645142555237,-0.05079863220453262,0.06343929469585419,-0.051217030733823776,-0.02624479867517948,0.11833834648132324,0.22362972795963287,0.15953843295574188,0.28015702962875366,0.15927620232105255,0.8080312609672546,0.2037094384431839,0.5751177668571472,5,8
284,IpsiContra_In01_Rec00_Col20_s0.npz,0.1,0.0,20,0,0.012250373139977455,-0.08716034144163132,-8.932351920520887e-05,0.01476888358592987,0.03202975541353226,0.5223804116249084,0.592250406742096,0.2603120505809784,0.2844347655773163,0.6567026376724243,1.3783777952194214,0.7675301432609558,0.8789803981781006,2,14
285,IpsiContra_In07_Rec01_Col30_s1.npz,0.7,0.1,30,1,0.011738746426999569,-0.30505332350730896,-0.4969073235988617,-0.0066330162808299065,-0.008120903745293617,0.6844467520713806,1.408313274383545,0.14550788700580597,0.16616606712341309,0.5939247608184814,1.8553557395935059,0.6543135046958923,0.4551807641983032,2,12
286,IpsiContra_In05_Rec01_Col10_s1.npz,0.5,0.1,10,1,0.024132387712597847,-0.08765002340078354,-0.051991987973451614,-0.016834940761327744,0.060361988842487335,0.24141962826251984,0.38124674558639526,0.12289736419916153,0.24734646081924438,0.4910339415073395,0.656846821308136,0.35214173793792725,0.6825919151306152,2,13
287,IpsiContra_In01_Rec02_Col20_s2.npz,0.1,0.2,20,2,0.01715017296373844,-0.023001911118626595,-0.03247900307178497,-0.05865604430437088,0.013703355565667152,0.10647270083427429,0.25261953473091125,0.06491822749376297,0.15844041109085083,0.2605240046977997,0.7817564606666565,0.06877845525741577,0.5136193037033081,6,0
288,IpsiContra_In02_Rec00_Col10_s2.npz,0.2,0.0,10,2,0.018883921205997467,-0.03732113540172577,-0.01769114099442959,-0.1238817423582077,-0.06985010951757431,0.09927800297737122,0.2752918303012848,0.26693692803382874,0.45451056957244873,0.19705776870250702,1.1975321769714355,0.1559695154428482,0.9572778344154358,2,1
289,IpsiContra_In05_Rec00_Col10_s2.npz,0.5,0.0,10,2,0.019265422597527504,-0.02498350664973259,0.006974145770072937,-0.08201839029788971,-0.09339778125286102,0.13738037645816803,0.2586353123188019,0.43357428908348083,0.6205969452857971,0.28873807191848755,0.8001568913459778,0.5521566271781921,1.8345532417297363,4,11
290,IpsiContra_In07_Rec01_Col10_s2.npz,0.7,0.1,10,2,0.018558504059910774,-0.39555737376213074,-0.5905988812446594,0.005240693688392639,-0.008917259983718395,0.9067369699478149,1.6857514381408691,0.4850183427333832,0.41366496682167053,0.31199169158935547,1.2986880540847778,1.4780523777008057,1.33909010887146,3,13
291,IpsiContra_In01_Rec01_Col20_s1.npz,0.1,0.1,20,1,0.013964627869427204,-0.04020712524652481,-0.058468498289585114,0.024554075673222542,0.0915156751871109,0.5469117164611816,0.4887737035751343,0.15077801048755646,0.2278294712305069,0.6640467047691345,0.7653350830078125,0.8620836734771729,0.7912996411323547,14,5
